轮次,判别器损失,生成器损失,Wasserstein估计,梯度惩罚,判别器更新次数,生成器更新次数
1,-0.8750978853599525,0.0942295809034948,1.3249320153284956,0.04498341339237896,81,27
2,-14.723312533931967,1.1665078851359862,16.873633246362946,0.21503207901561702,81,27
3,-28.74581600707254,0.5331065025594499,36.04915228007752,0.730333627006154,81,27
4,-14.754902462900422,-21.223401228586834,19.823824211403174,0.5068921757701003,81,27
5,-18.112239908289027,-9.06657549186989,21.6838030403043,0.3571563226941191,81,27
6,-21.671776453653973,-7.549879745200828,26.828858387323073,0.5157081815931532,81,27
7,-23.743251047016663,-9.515401080802635,29.746497801792476,0.6003246800399121,81,27
8,-25.471971723768448,-10.248247146606445,32.36276341661995,0.6890791783362259,81,27
9,-27.12892023722331,-9.961626459051061,34.92910580576202,0.7800185691427302,81,27
10,-28.448999616834854,-8.863551987542046,37.158766051869335,0.8709766540998294,81,27
11,-28.88364624682768,-9.29951540629069,38.11170401396575,0.9228057714156163,81,27
12,-28.979186164008247,-9.872852148833099,38.43117320684739,0.9451987018555771,81,27
13,-27.98158379542975,-11.565063935739023,37.084373144455895,0.9102789362271627,81,27
14,-27.12199811582212,-14.605396412037036,35.77261557402434,0.8650617367691464,81,27
15,-26.950359415124964,-15.990479928475839,35.33015046296296,0.8379791069913793,81,27
16,-26.734746744603285,-16.67175971137153,35.19733874003092,0.8462592046937825,81,27
17,-25.85015501799407,-19.28586592497649,33.96759685469262,0.8117441913963835,81,27
18,-25.11169848029996,-20.39134325804534,32.910446496657386,0.7798747854468263,81,27
19,-24.874650131037207,-21.48285922297725,32.64436891343858,0.7769718806684753,81,27
20,-24.969471825493706,-20.85071026837384,32.623952135627654,0.7654480323379422,81,27
21,-24.921497957206068,-21.70434421963162,32.70374185067636,0.7782243769845845,81,27
22,-25.10051786163707,-22.074913731327765,32.77604837770815,0.7675530406427972,81,27
23,-25.086982044172874,-23.523497616803205,32.91314518304519,0.7826163154325367,81,27
24,-25.308036191963854,-23.783318201700848,33.33731064973054,0.8029274340764976,81,27
25,-24.88659832801348,-24.796805911593967,32.74835506486304,0.7861756652961542,81,27
26,-25.22439863652359,-25.143452043886537,33.15294381129889,0.7928545302079048,81,27
27,-25.4619388109372,-26.139104560569482,33.609183346783674,0.8147244604281437,81,27
28,-25.36543634202745,-27.125460236160844,33.47732525107301,0.8111888942895112,81,27
29,-25.31298449010025,-26.982117264359086,33.44059070540063,0.8127606249885795,81,27
30,-25.556094628793222,-27.903428890086985,33.925258448094496,0.8369163885528659,81,27
31,-25.679639886926722,-28.49599633393464,34.02023612128364,0.8340596232885196,81,27
32,-25.499595218234592,-28.541903177897137,33.904463756231614,0.8404868524751545,81,27
33,-25.93201665525083,-29.145212950529874,34.55960181907371,0.8627585404449039,81,27
34,-25.526184882646724,-30.487817764282227,34.05640427860213,0.8530219484258581,81,27
35,-25.675620020171742,-31.55122220074689,34.244088844016744,0.856846891435576,81,27
36,-25.9416830510269,-31.883595219364874,34.50390526100441,0.856222211210816,81,27
37,-25.90704494052463,-32.12184962519893,34.68480371545862,0.8777758799217366,81,27
38,-25.87175060790262,-32.91304531803838,34.71842973026229,0.8846679042886805,81,27
39,-25.87122443870262,-33.73644072921188,34.68634256904508,0.8815118140644498,81,27
40,-25.84130659221131,-33.773798342104314,34.67805674046646,0.883674998342255,81,27
41,-26.142911628440576,-34.24090724521213,35.04478934959129,0.8901877671848109,81,27
42,-25.748697634096498,-35.72553514551233,34.57888374799563,0.8830186194843717,81,27
43,-26.07707635855969,-35.363159603542755,35.01960712009006,0.8942530780662725,81,27
44,-26.152396661263925,-35.73054546780057,35.199892161804954,0.9047495546164336,81,27
45,-26.15555165137774,-36.28508970472548,35.17633127283167,0.9020779636906989,81,27
46,-25.829133751951616,-36.696539843523944,34.97895257266951,0.9149818821453753,81,27
47,-26.295012132621107,-36.85813197383174,35.67132606035398,0.9376313984394073,81,27
48,-25.936037958404164,-37.08480015507451,35.017123799265164,0.9081085699575918,81,27
49,-25.918010782312464,-38.247942747893156,35.001707524429136,0.9083696824532969,81,27
50,-25.88195103774836,-38.91268355758102,35.02640976140528,0.914445882226214,81,27
51,-25.42993667979299,-40.11253526475694,34.37723188047056,0.8947295200677565,81,27
52,-25.727663063708647,-40.31655445805303,34.84355276602286,0.9115889703418002,81,27
53,-25.96258987615138,-40.65876798276548,35.34795280739113,0.9385363139488079,81,27
54,-25.656468450287242,-41.053885565863716,34.891563085862145,0.9235094631159747,81,27
55,-25.574749228395063,-41.44669031213831,34.79104699028863,0.9216297839158847,81,27
56,-25.510822319690092,-41.10397819236473,34.68377106278031,0.9172948834336834,81,27
57,-25.806736651762034,-40.99281282778139,35.09383170987353,0.9287095106678245,81,27
58,-25.358108897268036,-42.524941762288414,34.73445294227129,0.9376343959643517,81,27
59,-25.59746057015878,-43.28148933693215,34.86426883273654,0.9266808327333427,81,27
60,-25.66807574990355,-43.12949173538773,35.19122964364511,0.9523153860627869,81,27
61,-25.214383207721475,-43.89679534346969,34.29464547428084,0.9080262235653254,81,27
62,-25.128883055698726,-44.93312454223633,34.287761594042365,0.9158878447832884,81,27
63,-25.431444709683642,-44.41682208025897,34.889753176842206,0.9458308477460602,81,27
64,-25.027588738335503,-45.63674615930628,34.37554201667692,0.9347953255529757,81,27
65,-25.08903025403435,-45.75739966498481,34.28888146671248,0.9199851291415132,81,27
66,-24.861988091174467,-45.71618256745515,34.08599759325569,0.9224009488099887,81,27
67,-24.972021432570468,-47.439160664876304,34.37351853170512,0.940149701303906,81,27
68,-25.248884530715,-46.83630512378834,34.597284999894505,0.9348400437537535,81,27
69,-25.311837938096787,-47.76106106793439,34.71203401353624,0.9400196071760154,81,27
70,-25.152674969331716,-48.382619363290296,34.72508324517144,0.9572408118365724,81,27
71,-25.201358536143363,-48.66862063937717,34.5589798350393,0.9357621323915175,81,27
72,-25.446617291297443,-49.780555725097656,34.7932568302861,0.9346639576517506,81,27
73,-25.01197890293451,-50.16847356160482,34.498920723244,0.9486941761440701,81,27
74,-24.842163533340266,-50.55419498019748,34.11650669427566,0.9274343145482334,81,27
75,-25.306120625248663,-50.65742520932798,34.81617397732205,0.9510053307921799,81,27
76,-25.153439392278223,-50.86905048511647,34.71670211980372,0.9563262727525499,81,27
77,-25.436976303288965,-51.1854370964898,34.822554129141345,0.9385577806352098,81,27
78,-25.349232779608833,-51.918625866925275,35.060383879108194,0.971115114144337,81,27
79,-25.417550216486426,-52.02776336669922,35.07838604774004,0.966083578121515,81,27
80,-25.203215304716135,-52.843421653464986,35.086889996940705,0.9883674714300368,81,27
81,-24.913684138545282,-52.84970841584382,34.373116999496645,0.9459432823422514,81,27
82,-25.032046965610835,-52.89963870578342,34.52563881579741,0.9493591831422147,81,27
83,-25.20941917984574,-53.41953856856735,34.85722073213554,0.9647801595705526,81,27
84,-24.857819451226128,-53.77608249805592,34.25554920714578,0.9397729745617619,81,27
85,-25.173682931028765,-53.54379187689887,34.86729299286265,0.9693610024305037,81,27
86,-24.87731975979275,-54.55059786196108,34.44778611924913,0.957046639772109,81,27
87,-25.04984657852738,-55.299395949752245,34.82095718383789,0.9771110617820128,81,27
88,-24.890375678921924,-55.13806830512153,34.34515771748107,0.9454782119503727,81,27
89,-24.957364164752725,-55.26812984325267,34.595111375973545,0.9637747097898413,81,27
90,-24.738123717131437,-55.39510048760308,34.25986202852226,0.9521738331259033,81,27
91,-24.97239816924672,-54.72463508888527,34.64098438215844,0.9668586219166532,81,27
92,-24.879264878637997,-54.09726757473416,34.55539265385381,0.9676127621421108,81,27
93,-24.72651712394055,-54.73110156589084,34.037147239402486,0.9310630195670657,81,27
94,-24.92207618995949,-54.95153596666124,34.56895837666076,0.964688214071003,81,27
95,-24.67876860536175,-55.61853211014359,34.074447678930966,0.9395678930076552,81,27
96,-24.779272409132968,-55.208343788429545,34.373949686686196,0.9594677293006285,81,27
97,-25.35532287315086,-55.038841247558594,35.01967997609833,0.9664357113249508,81,27
98,-24.773315276628658,-54.41128850866247,34.393712455843705,0.962039719025294,81,27
99,-24.6484183911924,-54.61656951904297,34.19646256058304,0.9548044086974344,81,27
100,-25.463840625904226,-54.69689432779948,35.50380574921031,1.0039965109324749,81,27
101,-24.72812353534463,-55.331156412760414,34.382943659652895,0.9654820285461567,81,27
102,-24.52591151955687,-55.84645857634368,33.97554152688863,0.944962994551953,81,27
103,-24.815683553248277,-55.30604892306857,34.3980443507065,0.9582360773174851,81,27
104,-24.864489402300045,-54.904267911557795,34.55691994561089,0.9692430680180774,81,27
105,-24.760265397436825,-55.43738555908203,34.5989993531027,0.9838733952722432,81,27
106,-24.925954912915643,-55.03179776227033,34.607987957236205,0.9682033098774192,81,27
107,-24.70702639921212,-55.49397164803964,34.26928645004461,0.9562260140607386,81,27
108,-24.39838769700792,-55.823696277759694,33.76006218239113,0.9361674537261327,81,27
109,-24.60520647778923,-55.50341245863173,34.11320674566575,0.9508000189139519,81,27
110,-24.93303680419922,-55.75071899979203,34.6342305312922,0.9701193696186866,81,27
111,-24.641161718486266,-55.46646414862739,34.351143966486426,0.9709982378983203,81,27
112,-24.906987649423105,-55.16512213812934,34.857224782307945,0.9950237169309899,81,27
113,-24.80843120151096,-55.41480594211154,34.225007657651545,0.941657645098957,81,27
114,-24.647785045482493,-56.35511822170682,34.161344834315926,0.9513559757191458,81,27
115,-24.665035836490585,-56.385150061713325,34.31834929666402,0.9653313360464426,81,27
116,-24.504941163239657,-57.105264027913414,34.008852970452956,0.9503911645324142,81,27
117,-24.831739143089013,-56.755942591914426,34.588963638117285,0.9757224551321547,81,27
118,-24.95459243397654,-57.42254892985026,34.76519276183328,0.9810600335951205,81,27
119,-24.81276274316105,-58.0464806733308,34.43627538798768,0.962351256314619,81,27
120,-24.758296754625107,-57.99745884648076,34.53065099833924,0.9772354209864581,81,27
121,-25.17684319578571,-58.80559624565972,34.97026024335696,0.9793417026967178,81,27
122,-24.88013521830241,-58.456558792679395,34.836924658881294,0.9956789366257044,81,27
123,-24.109884132573633,-58.773645330358434,33.814429106535734,0.9704545015170251,81,27
124,-24.746668097413618,-58.27957464147497,34.44342511965905,0.9696757013415113,81,27
125,-24.97419100631902,-58.18342237119322,34.864831806700906,0.9890640808476342,81,27
126,-24.379538383012935,-58.21386958934642,34.227125426869335,0.9847587199858677,81,27
127,-24.716884377561968,-58.099474589029946,34.333936008406276,0.961705168824137,81,27
128,-24.714648211443865,-59.397393968370224,34.50543222309631,0.9790783999142824,81,27
129,-25.070791880289715,-58.89549806382921,34.812833856653285,0.9742042069081907,81,27
130,-24.83456512733742,-58.99033059014214,34.775143611578294,0.994057849969393,81,27
131,-24.627449365309726,-59.13077078925239,34.49368417998891,0.9866234877227266,81,27
132,-24.50535284442666,-59.60677069204825,34.294207066665464,0.9788854265654529,81,27
133,-24.509061177571613,-59.0591672261556,34.12427209924768,0.9615210872373463,81,27
134,-24.438355928585853,-58.626798417833115,34.256702894045986,0.9818346975026307,81,27
135,-24.558305269406166,-59.530874746817126,34.20903038684233,0.965072516673877,81,27
136,-24.427778126280984,-59.46940330222801,34.02053074777862,0.9592752681102281,81,27
137,-24.558234297199014,-60.23941266095197,34.15693862349899,0.9598704370451562,81,27
138,-24.825522622944398,-60.088351779513886,34.80038499243466,0.997486236286752,81,27
139,-24.923851978631667,-59.80871469003183,34.85925782757041,0.9935405820976069,81,27
140,-24.773813553798345,-60.979413209138094,34.46716977343147,0.969335628144535,81,27
141,-24.283631030424143,-60.605908429181135,33.90879722877785,0.9625166145003872,81,27
142,-24.53151038840965,-61.09353538795754,34.445971783296564,0.991446140003793,81,27
143,-24.289676289499543,-61.80810151276765,33.81411079124168,0.9524434414910682,81,27
144,-24.052852065474898,-62.064141308819806,33.66832756701811,0.9615475516996266,81,27
145,-24.261718090669607,-62.50046624077691,33.8472004643193,0.9585482389838608,81,27
146,-23.981767277658722,-62.989713739465785,33.290743415738326,0.9308976128145501,81,27
147,-24.13401311709557,-62.842344495985245,33.6298254036609,0.9495812080524586,81,27
148,-23.773347148188837,-63.56299901891638,33.47199381133657,0.9698646745564025,81,27
149,-23.940943800372843,-63.4498932449906,33.45800046567564,0.9517056746983233,81,27
150,-23.44829323851032,-64.0028936598036,32.91041221147702,0.9462118899380719,81,27
151,-23.81402599664382,-64.28955191153067,33.385940740137926,0.9571914676530862,81,27
152,-23.483181659086252,-63.94293862802011,32.75088976636345,0.9267708167985633,81,27
153,-23.600395697134513,-63.743127469663264,33.0748477982886,0.9474452178419372,81,27
154,-23.045936984780393,-63.37136205037435,32.2217514132276,0.9175814316596513,81,27
155,-23.341486989715953,-63.359094549108434,32.57328000480746,0.9231792909127695,81,27
156,-22.7255478023011,-62.707991423430265,31.771176326422044,0.9045628647745392,81,27
157,-22.886263329305766,-63.10890381424515,31.69772046878014,0.8811457158974659,81,27
158,-22.902992248535156,-63.636869218614365,32.13012365647304,0.9227131358635279,81,27
159,-23.032584649545175,-64.37342594288013,32.19823879665799,0.9165654057337914,81,27
160,-22.84735361735026,-64.1514944853606,32.19398385507089,0.9346630231097892,81,27
161,-22.317591278641313,-64.70754807083695,31.40718408278477,0.9089592682358659,81,27
162,-22.640803749178662,-64.22080485026042,31.608751085069443,0.8967947304984669,81,27
163,-22.87781708328812,-63.80972459581163,32.01353934959129,0.9135722275133487,81,27
164,-22.019805790465554,-63.723982634367765,30.958041768015168,0.8938236109636448,81,27
165,-22.310331450568306,-63.65394253200955,31.21364160231602,0.8903310070803137,81,27
166,-21.60680963963638,-64.21787219577365,30.16708392861449,0.8560274335337273,81,27
167,-22.116537341365106,-64.3349882055212,31.058119926923588,0.8941582665767198,81,27
168,-21.46070824140384,-64.17606099446614,29.99710695243176,0.8536398611318918,81,27
169,-21.14041463828381,-64.51683199847186,29.64529400107301,0.8504879325628281,81,27
170,-21.042552394631468,-64.9808297333894,29.532443011248553,0.8489890578720305,81,27
171,-21.10397856912495,-65.45085412484629,29.514855278862846,0.8410876683982802,81,27
172,-20.378373393306024,-65.45034917195638,28.5565276440279,0.8178154281627985,81,27
173,-19.977478745542925,-65.57527471471715,27.96551749147015,0.7988038712445601,81,27
174,-19.45422300880338,-66.1618081552011,27.43676220929181,0.7982539194233623,81,27
175,-19.172429426216784,-65.27011503996673,26.782206970968364,0.7609777487354514,81,27
176,-18.91437300929317,-65.17299355400934,26.23550170144917,0.7321128650211993,81,27
177,-18.64921737011568,-65.49170741328487,26.03185267507294,0.7382635321514106,81,27
178,-18.27377344060827,-65.16618771023221,25.563121465989102,0.7289348005512615,81,27
179,-17.325270958888677,-65.58165571424696,23.97726873703945,0.6651997757546696,81,27
180,-17.611943233160325,-64.90247316713686,24.44200492199556,0.6830061740345426,81,27
181,-17.857323458165297,-65.63736611825449,24.64171459056713,0.678439117692135,81,27
182,-17.761489303023726,-65.33927041512949,24.63428911750699,0.6872799847229027,81,27
183,-17.380044984228817,-65.39899755407262,24.061535022876882,0.6681490021723288,81,27
184,-17.002442677815754,-65.3502495377152,23.466053197413316,0.6463610526220298,81,27
185,-17.40702751536428,-65.18318684895833,24.053029378255207,0.6646001870617454,81,27
186,-17.62207286740527,-65.3429210804127,24.304044794153285,0.6681971925276297,81,27
187,-17.304439615320277,-65.84752768057363,23.937901390923393,0.6633461763461431,81,27
188,-17.369096791302717,-66.71235035083912,23.964224968427494,0.6595128142723331,81,27
189,-17.683517927004967,-65.79760417231807,24.47991448861581,0.6796396525553715,81,27
190,-16.78935918690246,-66.4574536924009,23.332438151041668,0.6543078884298419,81,27
191,-17.464855747458376,-65.65080981784396,24.1111510005998,0.664629528000031,81,27
192,-17.353940351509753,-65.98835542466905,24.144824840404368,0.6790884573150564,81,27
193,-17.218271055339294,-65.34082440976744,23.752268567497346,0.6533997533497987,81,27
194,-17.17755237626441,-65.60823030825014,23.710703013855735,0.6533150772253672,81,27
195,-16.92692024325147,-66.00238489221644,23.416708675431618,0.6489788433651865,81,27
196,-16.92677985297309,-65.18579313490126,23.287022343388312,0.6360242453254299,81,27
197,-17.045748192587016,-65.25308241667571,23.570337978410134,0.652458973136949,81,27
198,-17.32090847580521,-65.34692411069517,23.85186047024197,0.6530952050730034,81,27
199,-17.041538956724565,-64.87633895874023,23.798804436200932,0.675726551240609,81,27
200,-17.371587564915785,-64.52930139612269,24.06157453560535,0.66899869379438,81,27
201,-16.92162577311198,-64.90380181206598,23.42058191181701,0.6498956246140563,81,27
202,-17.147535041526513,-64.1622455738209,23.64839129977756,0.6500856169947872,81,27
203,-17.11052476623912,-64.45668623182509,23.61049774546682,0.6499972994680758,81,27
204,-17.094407234662846,-64.4912503560384,23.782700197196302,0.6688293084318255,81,27
205,-16.91730409787025,-63.90983200073242,23.405670636965905,0.6488366561171449,81,27
206,-17.326318799713512,-63.68357481779876,23.772896660698784,0.6446577961798068,81,27
207,-17.314552318902663,-63.95102041739005,23.92702055566105,0.6612468352656306,81,27
208,-16.892122233355487,-62.31152075308341,23.43681307192202,0.6544690816490738,81,27
209,-17.024947731583207,-61.72859601621275,23.511755484121817,0.6486807785652302,81,27
210,-16.471583707832995,-62.059226989746094,22.849398436369718,0.6377814647592144,81,27
211,-16.724495228425955,-60.72857736658167,23.15699188797562,0.6432496526359041,81,27
212,-17.209840421323424,-60.997524120189524,23.632217077561368,0.6422376662124822,81,27
213,-17.369993103875053,-60.35811403062608,24.053058624267578,0.6683065511378241,81,27
214,-17.5713864667916,-59.384686929208264,24.165521692346644,0.6594135211205777,81,27
215,-17.37034809442214,-58.183383800365306,23.938416846004532,0.6568068788375383,81,27
216,-17.842892905812203,-58.18240681401006,24.407108824930074,0.6564216001166238,81,27
217,-17.490164980476287,-56.76225082962601,23.951448322814187,0.6461283340130324,81,27
218,-17.491851606486755,-57.06987550523546,23.986111016921054,0.6494259341263476,81,27
219,-17.431814864829736,-57.29968657316985,23.900023142496746,0.646820815992944,81,27
220,-17.549255900912815,-57.38762142040111,24.208960592010875,0.665970480920356,81,27
221,-17.269526575818475,-56.107979951081454,23.769894023000457,0.6500367459691601,81,27
222,-17.004918616495015,-56.9299887197989,23.276716962272737,0.6271798363254394,81,27
223,-17.396964308656294,-56.26479014643916,23.69324224966544,0.6296277889682923,81,27
224,-17.399347175786524,-55.92263341833044,23.9188902584123,0.6519543087040937,81,27
225,-17.152419832017685,-55.45130694354022,23.969369017047647,0.6816949117698787,81,27
226,-17.488141071649245,-55.6205413253219,23.963021219512562,0.647488029466735,81,27
227,-17.332731706124765,-55.31859842936198,23.830885804729697,0.6498154186540179,81,27
228,-17.655355995084033,-55.202193648726855,24.425873179494598,0.6770517179443513,81,27
229,-17.721374370433665,-55.15140208491572,24.666581000810787,0.6945206671953201,81,27
230,-17.548851036731108,-54.297005264847364,24.137108084596235,0.658825703057242,81,27
231,-17.671703079600395,-54.099808869538485,24.355418735080296,0.6683715710669388,81,27
232,-17.757953584930043,-54.11988830566406,24.48467881002544,0.6726725143782887,81,27
233,-18.145478354560005,-54.24835233335142,25.111592422296972,0.6966113915413986,81,27
234,-17.733479429174352,-53.68803942645037,24.728009777304568,0.6994530278959392,81,27
235,-17.507548803164635,-53.06488093623408,24.33067477190936,0.6823126035340038,81,27
236,-17.28004037598033,-53.66561663592303,24.015966580237873,0.6735926180342098,81,27
237,-17.157697583422248,-53.88383893613462,23.74303021843051,0.6585332598583198,81,27
238,-17.529627870630335,-53.736932542588974,24.26440754643193,0.6734779708915286,81,27
239,-17.10104015727102,-53.619495956986036,23.734447903103298,0.6633407745832278,81,27
240,-17.19976219130151,-52.86177472715025,23.830780264772017,0.6631018078805487,81,27
241,-17.133630670147177,-52.968387321189596,23.69461582325123,0.6560985109320393,81,27
242,-17.11037629916344,-52.15338290179217,23.68641549569589,0.6576039244731268,81,27
243,-17.52023156483968,-51.19591734144423,24.270431801124854,0.6750200181095688,81,27
244,-17.128099111863126,-51.43507484153465,23.760408801796995,0.6632309762048133,81,27
245,-17.270560464741273,-51.635442380551936,24.08188111105083,0.6811320555430872,81,27
246,-17.322707694253804,-52.21842970671477,23.85761896769206,0.6534911307655735,81,27
247,-16.481441144590026,-52.09501478407118,22.83266665611738,0.6351225515942515,81,27
248,-16.5221597177011,-51.69174999660916,23.162631658860196,0.6640471976112436,81,27
249,-16.846700703656232,-51.438861281783495,23.05176153300721,0.6205060816841361,81,27
250,-17.09974969463584,-50.65550373218678,23.79405739866657,0.6694307730153755,81,27
251,-16.929950513957458,-49.33083286991826,23.443732885666837,0.6513782417700614,81,27
252,-17.12829406173141,-48.59710749873408,23.736946482717254,0.6608652371315309,81,27
253,-16.983436702210227,-48.065862867567276,23.538318963698398,0.6554882316677658,81,27
254,-16.886691799870245,-48.27672689932364,23.39469344527633,0.6508001620754783,81,27
255,-16.653404942265265,-47.93256929185655,23.168034918514298,0.6514629986551073,81,27
256,-16.883492234312456,-47.94444387930411,23.307764029797212,0.6424271727417722,81,27
257,-16.898609549910933,-47.74667485555013,23.455775979124468,0.655716649176162,81,27
258,-16.940787774545175,-48.314919507061994,23.42546797387394,0.648468025304653,81,27
259,-16.78297284208698,-48.21465824268483,23.028925201039254,0.6245952390226317,81,27
260,-16.385629806989506,-48.64419103551794,22.790477517210405,0.6404847784174813,81,27
261,-16.63088803232452,-49.204453786214195,22.850904535364222,0.6220016519964477,81,27
262,-16.619867701589325,-47.847376081678604,22.954126193199627,0.6334258461440051,81,27
263,-16.065593790124964,-47.65711127387153,22.51882995793849,0.6453236129916744,81,27
264,-16.466532589476785,-48.452626122368706,22.855015413260755,0.6388482769698273,81,27
265,-16.596432391508127,-47.862508138020836,22.68458486486364,0.6088152524129844,81,27
266,-16.36063439169048,-47.96076739275897,22.77733960563754,0.641670521578671,81,27
267,-16.48492286823414,-47.994084958676936,22.868638780381943,0.6383715926865001,81,27
268,-16.587464803530846,-48.48420913131149,22.83181282326027,0.6244347928850739,81,27
269,-16.564889813646857,-47.77171693024812,22.80539741045163,0.6240507636541202,81,27
270,-16.81334172943492,-47.50464559484411,23.139824196144385,0.6326482439482654,81,27
271,-16.295131648028338,-47.7548450893826,22.487063419671706,0.6191931767964068,81,27
272,-16.64959435404083,-47.58285790902597,23.029443481822074,0.6379849060818001,81,27
273,-16.789684884342147,-47.025507043909144,23.149519131507404,0.6359834222146022,81,27
274,-16.717656582961848,-47.71813413831923,23.176319075219425,0.645866244111532,81,27
275,-15.766861491733128,-48.09003547385887,21.971680017165195,0.6204818518441401,81,27
276,-16.42196727093355,-48.466560222484446,22.446089049916207,0.6024121802162241,81,27
277,-16.235681887026185,-47.663901011149086,22.631095509470246,0.6395413721049273,81,27
278,-15.932740670663339,-47.94309220490632,22.150389070864076,0.6217648396153509,81,27
279,-16.1595000985228,-47.48450696026838,22.25265493510682,0.6093154753799792,81,27
280,-16.24626934381179,-47.82912770024053,22.4667453530394,0.6220476136163429,81,27
281,-15.734292607248566,-47.905023645471644,21.752725153793524,0.6018432485468593,81,27
282,-16.148006745326665,-48.00132101553458,22.316638852343146,0.616863211363922,81,27
283,-15.81837976714711,-47.85222526832863,21.853920971905744,0.6035541231617515,81,27
284,-16.477063991405345,-47.93215490270544,22.82461750360183,0.6347553529489187,81,27
285,-16.35127983564212,-46.6184477629485,22.53665990005305,0.6185380098996339,81,27
286,-16.012117833267023,-47.17800211023401,22.13324624520761,0.6121128444318418,81,27
287,-16.083388446289817,-47.09784175731517,22.207491698088468,0.6124103298341786,81,27
288,-16.069038120316872,-47.28345178674768,22.252073452796466,0.6183035335055104,81,27
289,-16.094910739380637,-46.8555530971951,22.138468942524476,0.6043558231106511,81,27
290,-16.036498140405726,-47.21798395227503,22.155279041808328,0.6118780895147795,81,27
291,-16.006030718485516,-46.84972621776439,22.27745258660964,0.627142193324772,81,27
292,-15.903695165375133,-47.097853342692055,21.90803320613908,0.600433811545372,81,27
293,-15.766007246794524,-46.61401508472584,21.880742908995828,0.6114735546303384,81,27
294,-16.119690506546586,-46.76223232128002,22.20158682929145,0.6081896313914547,81,27
295,-16.33058837608055,-46.33349948459201,22.383665673526718,0.6053077273162795,81,27
296,-15.695652679160789,-47.111822340223526,21.78856117342725,0.6092908369538225,81,27
297,-15.700763149025999,-47.02156321207682,21.83172419041763,0.6130961035320788,81,27
298,-15.941048280692394,-47.00890788325557,21.808616167233314,0.5867567892059867,81,27
299,-16.08448005016939,-46.948280617042826,22.15913042610074,0.60746503814503,81,27
300,-16.062418725755478,-47.17264952483001,22.09897321536217,0.6036554446190964,81,27
301,-15.79958846245283,-47.13838775069625,21.82369933893651,0.6024110900399126,81,27
302,-15.770542203644176,-47.092624523021556,21.804888784149547,0.6034346721422525,81,27
303,-16.232855278768657,-46.23414046676071,22.364244060751833,0.6131388790629528,81,27
304,-15.787587342438874,-46.00535583496094,21.886193452058016,0.6098606236922888,81,27
305,-16.04213316646623,-46.458707880090785,22.19358726784035,0.6151454073411448,81,27
306,-16.072382255836768,-46.79448812979239,22.00947533124759,0.5937093106316932,81,27
307,-16.060905809755678,-46.457112065067996,22.22397161413122,0.6163065726006473,81,27
308,-16.055696016476478,-47.26153564453125,22.11826404524438,0.6062567974498243,81,27
309,-15.509198412483121,-46.413773995858655,21.359800221007546,0.5850601779457963,81,27
310,-15.811700750280309,-46.16530199404116,21.80696883024993,0.5995268159442477,81,27
311,-15.741614906876176,-46.145703068485965,21.731668071982302,0.5990053172464724,81,27
312,-15.691280682881674,-45.8525434423376,21.575710673391082,0.588442995040505,81,27
313,-15.533247194172423,-46.333193178530095,21.438802365903502,0.5905555148183563,81,27
314,-15.825032340155708,-46.096077389187286,21.689216896339698,0.5864184570533258,81,27
315,-15.857519467671713,-45.75414021809896,21.848421920964746,0.5990902430113451,81,27
316,-15.88494982542815,-44.724119398328995,21.946461053542148,0.6061511220019541,81,27
317,-15.782441327601303,-44.43417669225622,21.840176287992502,0.6057734919918908,81,27
318,-15.940190633138021,-43.99584565339265,22.03867556725019,0.6098484950669018,81,27
319,-15.595369103514118,-44.561242704038264,21.485295990366996,0.5889926905525319,81,27
320,-15.839642642456809,-44.62534968058268,22.005265789267458,0.6165623214141822,81,27
321,-15.731523396056375,-44.53860092163086,21.6521666255998,0.5920643188335277,81,27
322,-15.785936543970932,-43.984511340105975,21.846446096161266,0.6060509475660912,81,27
323,-16.216438787954825,-43.91631825764974,22.2163545584973,0.5999915818741293,81,27
324,-15.79879993862576,-43.62903199372468,21.86735577053494,0.6068555819399563,81,27
325,-15.262787924872505,-44.23642137315538,21.04975453129521,0.5786966655725314,81,27
326,-15.395407617827992,-44.08096581918222,21.267840067545574,0.5872432510426016,81,27
327,-15.60472728587963,-44.64984837284795,21.55700099615403,0.595227374062862,81,27
328,-16.382546625019593,-43.52017452098705,22.594939808786652,0.6212393227550719,81,27
329,-15.653821733262804,-44.12318222611039,21.497859483883705,0.584403783450892,81,27
330,-16.238536304897732,-43.8293896427861,22.547322732430917,0.6308786427533185,81,27
331,-15.688136689456893,-44.04316358213072,21.669084242832515,0.5980947551168041,81,27
332,-15.837775560072911,-43.887583555998624,21.690382451186945,0.5852606907302951,81,27
333,-16.07444703137433,-43.75142909862377,22.188953117088037,0.6114506084977844,81,27
334,-16.077406800823447,-44.23638393260814,22.268988338517556,0.6191581529967579,81,27
335,-15.623428238762749,-44.15439761126483,21.753956971345126,0.6130528775630174,81,27
336,-15.65570526358522,-44.49581033212167,21.5823907263485,0.5926685537453051,81,27
337,-15.460020241913972,-44.27138646443685,21.50552241007487,0.6045502166689178,81,27
338,-15.18238158284882,-44.71606699625651,20.951249864366318,0.5768868314263261,81,27
339,-15.719506770004461,-44.36979420979818,21.70098274136767,0.5981476025448905,81,27
340,-15.678247922732506,-44.25347561306424,21.654153282259717,0.5975905388225744,81,27
341,-16.11851973592499,-44.25720949526186,22.119759453667534,0.600123973172388,81,27
342,-15.202332072787815,-44.121921115451386,20.984854757049938,0.5782522658507029,81,27
343,-15.781767539036126,-44.47374442771629,21.799177052062234,0.6017409524431935,81,27
344,-15.382122722672827,-44.240787223533346,21.1083671193064,0.5726244398105291,81,27
345,-15.735257808073067,-44.31676949395074,21.535913396764684,0.5800655548587258,81,27
346,-15.63990271532977,-45.351584399188006,21.60904453418873,0.5969141762197754,81,27
347,-15.611846170307677,-45.13599805478697,21.47745904804748,0.5865612856031935,81,27
348,-15.873026058997636,-45.404631014223455,21.818974106400102,0.5945948042251445,81,27
349,-15.723247987252694,-45.550902472602,21.87641610039605,0.615316813742673,81,27
350,-15.441635732297543,-45.520771733036746,21.3847902086046,0.5943154477410846,81,27
351,-15.389572861753864,-45.25445740311234,21.037834732620805,0.5648261853206304,81,27
352,-15.660692650594829,-45.172621974238645,21.541466559892818,0.5880773889797705,81,27
353,-15.452557504912953,-45.41979923954717,21.36451240822121,0.5911954869458704,81,27
354,-15.167155218713077,-45.16205173068576,20.968712700737846,0.5801557425731494,81,27
355,-15.633867334436488,-45.052561300772204,21.52040429762852,0.5886536902851529,81,27
356,-15.422404477625717,-45.18211944014938,21.215953120478876,0.5793548612682907,81,27
357,-15.400286415476858,-45.53877102887189,21.138968714961297,0.5738682249262009,81,27
358,-15.586178202687957,-45.22541243941696,21.464555434238765,0.5878377221984628,81,27
359,-16.16353079713421,-44.652426401774086,22.107755260703005,0.5944224459889494,81,27
360,-15.379305957276145,-45.26493312694408,21.580242298267507,0.6200936285801876,81,27
361,-15.506319399233218,-45.30652067396376,21.3458901864511,0.5839570762566578,81,27
362,-15.523026360405815,-44.99698879100658,21.309056835410036,0.5786030539024023,81,27
363,-15.24464577804377,-45.401831167715564,21.135724809434677,0.5891079080325586,81,27
364,-15.488342697237744,-45.80741458468967,21.279738390887225,0.5791395714989415,81,27
365,-15.909342730486834,-45.34207478276006,21.948785428647643,0.6039442716189373,81,27
366,-14.974135516602317,-45.17109595404731,20.649314644895952,0.5675179213285446,81,27
367,-15.542452411887087,-44.99808911924009,21.45699687062958,0.5914544450280107,81,27
368,-15.628667595945759,-44.90025258947302,21.61667256296417,0.5988005066727414,81,27
369,-15.562673286155418,-44.905883930347585,21.31599567554615,0.5753322429495094,81,27
370,-15.21560142658375,-45.8882477371781,21.13002574590989,0.5914424265976306,81,27
371,-15.325605286492241,-45.291631910536026,21.120048570044247,0.579444318641851,81,27
372,-15.055194678129974,-45.195454632794416,20.806329373960143,0.5751134677801604,81,27
373,-15.490810300097053,-44.9930094966182,21.258012936439044,0.5767202552086041,81,27
374,-15.346439338024751,-45.074433927182795,21.203596515420042,0.5857157149800548,81,27
375,-15.266990814679934,-45.62489700317383,21.046188872537495,0.5779198086188163,81,27
376,-15.548769350405093,-45.73011610243056,21.32739997204439,0.5778630631573406,81,27
377,-15.606693279596023,-45.263641357421875,21.491551293267143,0.5884858035011056,81,27
378,-15.534205942978094,-45.97361232616283,21.50272543636369,0.5968519519140691,81,27
379,-15.693507853849434,-45.35620357372142,21.641699567253205,0.5948191699054506,81,27
380,-15.745170028121382,-45.660955641004776,21.76731542893398,0.602214535077413,81,27
381,-15.423735441984954,-45.277172795048465,21.292516119686173,0.5868780642379949,81,27
382,-15.405166849677945,-45.56352346914786,21.31270076610424,0.5907533923049032,81,27
383,-15.123846807597596,-45.9089276349103,20.877839029571156,0.5753992205416715,81,27
384,-15.036640897209262,-46.02702599984628,20.874170421082297,0.5837529496646222,81,27
385,-15.259737132508079,-45.72923872205946,21.028165840808256,0.5768428794395777,81,27
386,-15.387039643746835,-46.16147514625832,21.130694919162327,0.5743655253339697,81,27
387,-15.1995143301693,-46.04584107575593,21.039422117633585,0.5839907808436288,81,27
388,-15.26607577006022,-46.09558472809968,21.166057775050035,0.5899982067905827,81,27
389,-15.269166663840965,-46.08948926572447,20.99379532425492,0.5724628659678094,81,27
390,-15.425255257406352,-46.308917151557075,21.266125714337385,0.5840870530149083,81,27
391,-15.240512294533811,-46.04456541273329,21.016981996135947,0.5776469709328663,81,27
392,-15.202964747393573,-45.39487612688983,20.966972209789134,0.5764007411989165,81,27
393,-15.417115282129359,-45.69957450584129,21.18026441409264,0.5763149070151058,81,27
394,-15.352195257022057,-45.6111981427228,21.154950318513094,0.5802755078047882,81,27
395,-15.563912415210112,-45.96435871830693,21.62479923389576,0.606088681537428,81,27
396,-15.075339988425926,-46.242298691361036,20.80345224451136,0.5728112273378136,81,27
397,-15.218299524283703,-46.11484937314634,21.05717364652657,0.583887407809128,81,27
398,-15.055782977445626,-46.43777536462854,20.7367941773968,0.5681011189281204,81,27
399,-15.36069576828568,-46.65886928417064,21.16339337384259,0.5802697607396562,81,27
400,-15.654878298441568,-46.422357912416814,21.559073742525076,0.5904195507367452,81,27
401,-15.755732406804592,-45.819254839861834,21.932138042685427,0.6176405683343793,81,27
402,-15.728209460223162,-45.566531852439596,21.63167812206127,0.590346865263986,81,27
403,-15.581082720815399,-45.6341306898329,21.713132316683545,0.6132049599179515,81,27
404,-15.264333913355697,-45.61229140670211,21.03722640614451,0.5772892520015622,81,27
405,-15.353020020473151,-44.879282492178454,21.213237903736257,0.5860217782082381,81,27
406,-14.839549594455296,-43.81105903342918,20.748088554099755,0.590853891806838,81,27
407,-15.07981127279776,-43.01089745980722,20.566456735869984,0.5486645468591173,81,27
408,-15.252504548908751,-42.09150286074038,21.02078421321916,0.5768279751509796,81,27
409,-15.222340254136073,-42.02444175437645,20.80614056999301,0.5583800298196299,81,27
410,-15.330099094061204,-41.4060014795374,21.237804554126882,0.5907705477726313,81,27
411,-15.260582087952415,-41.373237751148366,21.016188162344474,0.5755606076599639,81,27
412,-14.921575875929845,-39.89981997454608,20.712435216079523,0.5790859264908014,81,27
413,-15.084558180820794,-37.604394135651766,20.697187776918764,0.5612629550842592,81,27
414,-14.878682395558299,-37.35518038714373,20.466009822892556,0.5587327443523171,81,27
415,-15.311481793721518,-36.977144170690465,21.081105714962806,0.5769623946628453,81,27
416,-15.080470944628303,-38.058304398148145,20.807721691367068,0.5727250782060035,81,27
417,-15.332029130723742,-36.591355641682945,20.995644510528187,0.5663615419172946,81,27
418,-15.137518188099802,-37.55682486074942,20.781006236135223,0.5643488049139211,81,27
419,-15.485555236722217,-37.626244439019096,21.30585757596993,0.5820302363531089,81,27
420,-15.136612774413308,-36.95766406589084,20.617199509232133,0.5480586653690279,81,27
421,-15.631077530943317,-37.072615164297595,21.49238336822133,0.5861305782088527,81,27
422,-14.926350157937886,-37.94299288149233,20.670643229543426,0.5744293127898816,81,27
423,-15.37575735869231,-37.0375766047725,21.051681047604408,0.567592367713834,81,27
424,-15.344949062959648,-37.09133798104745,21.056671660623433,0.5711722591041047,81,27
425,-15.356222658981512,-37.71017809267397,21.092244890001083,0.5736022175830088,81,27
426,-15.554458818317931,-37.592083542435255,21.4931965580693,0.593873777139334,81,27
427,-15.10027148399824,-37.58962701868128,20.724495028272088,0.5624223498650539,81,27
428,-15.103297739853094,-37.32795842488607,20.671682098765434,0.5568384369950236,81,27
429,-15.147225544776445,-37.57008411266185,21.02479958239897,0.5877574036518732,81,27
430,-15.11248877019058,-37.35258596914786,20.673502415786555,0.556101370188925,81,27
431,-15.519391001006703,-36.76159922281901,21.340871269320264,0.5821480287445916,81,27
432,-15.465745666880666,-37.379545282434535,21.40301956365138,0.5937273875798708,81,27
433,-14.933156767009217,-37.20754969561541,20.708225061864027,0.5775068282713125,81,27
434,-15.586596924581645,-37.72399972986292,21.396882940221715,0.5810286091801561,81,27
435,-15.116653006753804,-37.99481568513093,20.893051288746022,0.5776398211349676,81,27
436,-15.292172620325912,-37.62037658691406,20.919908452917028,0.5627735875270985,81,27
437,-15.342319559167933,-37.429355480052806,21.13759622456115,0.5795276569731441,81,27
438,-15.078964998692642,-37.6517377782751,20.635231300636573,0.5556266228725881,81,27
439,-15.224292201760374,-37.434206079553675,21.104010640839,0.5879718416634901,81,27
440,-14.807431150365758,-37.181362293384694,20.56053321744189,0.5753102098350171,81,27
441,-15.310310128294391,-37.234428829616974,21.086837627269603,0.5776527503758301,81,27
442,-15.214959144592285,-37.39108022054037,20.883238427432968,0.5668279263708327,81,27
443,-15.447570035487045,-36.5123809531883,21.238501560540847,0.5790931532780329,81,27
444,-15.272823004075038,-36.88353983561198,21.043268792423202,0.5770445740149345,81,27
445,-15.301055401931574,-36.798709869384766,20.991491482581623,0.5690436105669281,81,27
446,-15.2566209251498,-37.257090674506294,21.043066095422816,0.5786445201547058,81,27
447,-15.308334998142572,-37.21833645855939,21.285935390142747,0.5977600360358203,81,27
448,-15.259760326809353,-36.847729718243635,20.884002167501567,0.5624241812361611,81,27
449,-15.114694395183045,-37.122334656892,21.068093523567107,0.5953399113114969,81,27
450,-14.94525283059956,-37.3660686634205,20.47730467054579,0.5532051812351486,81,27
451,-15.080609580616892,-37.15448153460467,20.801228511480637,0.5720618976119124,81,27
452,-15.111059636245539,-36.92439863416884,20.859979182113836,0.5748919704814016,81,27
453,-15.220466566674503,-37.382480762622976,21.044186533233265,0.5823719883222639,81,27
454,-15.491208888866284,-37.449667612711586,21.186389357955367,0.5695180454647836,81,27
455,-15.205356068081326,-36.694755695484304,21.126055493766877,0.5920699441138609,81,27
456,-15.364531022531015,-37.13498461688006,21.20416862581983,0.5839637685337185,81,27
457,-14.845516404987853,-37.18562133223922,20.543157553967134,0.5697641175838164,81,27
458,-15.356024035701045,-36.989017769142436,21.096051345636816,0.5740027361445956,81,27
459,-14.991509673036175,-37.25511579160337,20.689162737057533,0.5697653030539737,81,27
460,-15.040438534301003,-37.4380260043674,20.802827293490186,0.5762388759557112,81,27
461,-14.87213734049856,-37.08224925288447,20.587697723765434,0.5715560339115284,81,27
462,-15.1267672409246,-37.06264764291269,20.858587900797527,0.5731820706967954,81,27
463,-15.163882502803096,-37.67691605179398,20.955086131154754,0.5791203681333565,81,27
464,-15.32187979898335,-37.727402439823855,21.311528900523246,0.5989649104483333,81,27
465,-15.310029606760285,-38.38906846223054,21.060770246717667,0.5750740628551554,81,27
466,-15.00963627850568,-38.065067008689596,20.729667098433882,0.5720030825447153,81,27
467,-15.241496933831108,-38.03301549840857,21.067352812967183,0.5825855961920302,81,27
468,-15.120758774839802,-38.06880795514142,20.92298865612642,0.5802229942730915,81,27
469,-15.22595688148781,-38.518965261953845,21.075309894703054,0.5849353006960433,81,27
470,-15.2635800279217,-37.976185692681206,21.03431682822145,0.5770736899640825,81,27
471,-14.499806722005209,-38.70708776403357,20.078351338704426,0.5578544535386709,81,27
472,-15.46252116450557,-38.76640673036928,21.24686328275704,0.5784342127081789,81,27
473,-15.137364987973813,-38.49638734040437,20.90487934630594,0.5767514326690156,81,27
474,-15.266136122338565,-38.81541456999602,21.22049793196313,0.595436183206829,81,27
475,-15.580177554377803,-38.86685505619756,21.373630382396556,0.5793452857085216,81,27
476,-15.17354389473244,-38.905364990234375,21.01791928138262,0.58443753844426,81,27
477,-15.250163066534348,-38.41119088066949,21.08945549858941,0.5839292493499355,81,27
478,-14.757712799825786,-38.46530999077691,20.447115721525968,0.56894028591521,81,27
479,-15.00041859238236,-35.74427399811921,20.683934294147257,0.5683515656877447,81,27
480,-15.058657351835274,-36.753127345332395,21.01736921145592,0.5958711942772806,81,27
481,-15.230808422889238,-36.267928512008105,21.034993936986098,0.580418541935491,81,27
482,-14.756226021566508,-36.01973484180592,20.612424073395907,0.585619815705735,81,27
483,-14.822464931158372,-35.79460158171477,20.494320339626736,0.5671855393383238,81,27
484,-15.183248213779779,-34.74331707424588,20.898991502361532,0.57157433051386,81,27
485,-14.934006019874856,-34.19758471736201,20.48543463812934,0.5551428645849228,81,27
486,-15.397917288321036,-33.7100259286386,21.116043585318106,0.571812633746936,81,27
487,-15.174848721351152,-33.90685660750778,21.096397399902344,0.5921548752137172,81,27
488,-14.988280343420712,-34.74182390283655,20.676522196075062,0.5688241793785567,81,27
489,-15.17954061060776,-34.53280886897334,20.9663735848886,0.5786832927921672,81,27
490,-15.028937092533818,-33.68432172139486,20.64938326235171,0.5620446162827221,81,27
491,-14.971398518409258,-34.09230634901259,20.860308517644434,0.5888910019471322,81,27
492,-14.753942725099163,-33.96278953552246,20.55895009452914,0.5805007434553571,81,27
493,-14.85761993314013,-34.032324614348234,20.47191787060396,0.5614297969473733,81,27
494,-15.061026690918723,-33.858635867083514,20.610832544020663,0.5549805850526432,81,27
495,-14.64334617426366,-34.24331594396521,20.374027817337602,0.5730681583101367,81,27
496,-14.73231738290669,-34.53811341744882,20.364183213975693,0.5631865954693452,81,27
497,-14.902081878096968,-34.4603495421233,20.48919936757029,0.5587117522954941,81,27
498,-14.77693200994421,-33.70267126295302,20.550756525110316,0.577382459960602,81,27
499,-14.63707255139763,-33.295481787787544,20.373698905662255,0.5736626390321755,81,27
500,-15.111221878616899,-32.90306501035337,20.79840933246377,0.5687187389459138,81,27
