样本编号,源文件,源文件序号,文件内窗口序号,起始采样点,结束采样点,起始时间_s,结束时间_s
0,0122_5000.csv,0,0,0,2047,0.0,0.2047
1,0122_5000.csv,0,1,1024,3071,0.1024,0.3071
2,0122_5000.csv,0,2,2048,4095,0.2048,0.4095
3,0122_5000.csv,0,3,3072,5119,0.3072,0.5119
4,0122_5000.csv,0,4,4096,6143,0.4096,0.6143
5,0122_5000.csv,0,5,5120,7167,0.512,0.7167
6,0122_5000.csv,0,6,6144,8191,0.6144,0.8191
7,0122_5000.csv,0,7,7168,9215,0.7168,0.9215
8,0122_5000.csv,0,8,8192,10239,0.8192,1.0239
9,0122_5000.csv,0,9,9216,11263,0.9216,1.1263
10,0122_5000.csv,0,10,10240,12287,1.024,1.2287
11,0122_5000.csv,0,11,11264,13311,1.1264,1.3311
12,0122_5000.csv,0,12,12288,14335,1.2288,1.4335
13,0122_5000.csv,0,13,13312,15359,1.3312,1.5359
14,0122_5000.csv,0,14,14336,16383,1.4336,1.6383
15,0122_5000.csv,0,15,15360,17407,1.536,1.7407
16,0122_5000.csv,0,16,16384,18431,1.6384,1.8431
17,0122_5000.csv,0,17,17408,19455,1.7408,1.9455
18,0122_5000.csv,0,18,18432,20479,1.8432,2.0479
19,0122_5000.csv,0,19,19456,21503,1.9456,2.1503
20,0122_5000.csv,0,20,20480,22527,2.048,2.2527
21,0122_5000.csv,0,21,21504,23551,2.1504,2.3551
22,0122_5000.csv,0,22,22528,24575,2.2528,2.4575
23,0122_5000.csv,0,23,23552,25599,2.3552,2.5599
24,0122_5000.csv,0,24,24576,26623,2.4576,2.6623
25,0122_5000.csv,0,25,25600,27647,2.56,2.7647
26,0122_5000.csv,0,26,26624,28671,2.6624,2.8671
27,0122_5000.csv,0,27,27648,29695,2.7648,2.9695
28,0122_5000.csv,0,28,28672,30719,2.8672,3.0719
29,0122_5000.csv,0,29,29696,31743,2.9696,3.1743
30,0122_5000.csv,0,30,30720,32767,3.072,3.2767
31,0122_5000.csv,0,31,31744,33791,3.1744,3.3791
32,0122_5000.csv,0,32,32768,34815,3.2768,3.4815
33,0122_5000.csv,0,33,33792,35839,3.3792,3.5839
34,0122_5000.csv,0,34,34816,36863,3.4816,3.6863
35,0122_5000.csv,0,35,35840,37887,3.584,3.7887
36,0122_5000.csv,0,36,36864,38911,3.6864,3.8911
37,0122_5000.csv,0,37,37888,39935,3.7888,3.9935
38,0122_5000.csv,0,38,38912,40959,3.8912,4.0959
39,0122_5000.csv,0,39,39936,41983,3.9936,4.1983
40,0122_5000.csv,0,40,40960,43007,4.096,4.3007
41,0122_5000.csv,0,41,41984,44031,4.1984,4.4031
42,0122_5000.csv,0,42,43008,45055,4.3008,4.5055
43,0122_5000.csv,0,43,44032,46079,4.4032,4.6079
44,0122_5000.csv,0,44,45056,47103,4.5056,4.7103
45,0122_5000.csv,0,45,46080,48127,4.608,4.8127
46,0122_5000.csv,0,46,47104,49151,4.7104,4.9151
47,0122_5000.csv,0,47,48128,50175,4.8128,5.0175
48,0122_5000.csv,0,48,49152,51199,4.9152,5.1199
49,0122_5000.csv,0,49,50176,52223,5.0176,5.2223
50,0122_5000.csv,0,50,51200,53247,5.12,5.3247
51,0122_5000.csv,0,51,52224,54271,5.2224,5.4271
52,0122_5000.csv,0,52,53248,55295,5.3248,5.5295
53,0122_5000.csv,0,53,54272,56319,5.4272,5.6319
54,0122_5000.csv,0,54,55296,57343,5.5296,5.7343
55,0122_5000.csv,0,55,56320,58367,5.632,5.8367
56,0122_5000.csv,0,56,57344,59391,5.7344,5.9391
57,0122_5000.csv,0,57,58368,60415,5.8368,6.0415
58,0122_5000.csv,0,58,59392,61439,5.9392,6.1439
59,0122_5000.csv,0,59,60416,62463,6.0416,6.2463
60,0122_5000.csv,0,60,61440,63487,6.144,6.3487
61,0122_5000.csv,0,61,62464,64511,6.2464,6.4511
62,0122_5000.csv,0,62,63488,65535,6.3488,6.5535
63,0122_5000.csv,0,63,64512,66559,6.4512,6.6559
64,0122_5000.csv,0,64,65536,67583,6.5536,6.7583
65,0122_5000.csv,0,65,66560,68607,6.656,6.8607
66,0122_5000.csv,0,66,67584,69631,6.7584,6.9631
67,0122_5000.csv,0,67,68608,70655,6.8608,7.0655
68,0122_5000.csv,0,68,69632,71679,6.9632,7.1679
69,0122_5000.csv,0,69,70656,72703,7.0656,7.2703
70,0122_5000.csv,0,70,71680,73727,7.168,7.3727
71,0122_5000.csv,0,71,72704,74751,7.2704,7.4751
72,0122_5000.csv,0,72,73728,75775,7.3728,7.5775
73,0122_5000.csv,0,73,74752,76799,7.4752,7.6799
74,0122_5000.csv,0,74,75776,77823,7.5776,7.7823
75,0122_5000.csv,0,75,76800,78847,7.68,7.8847
76,0122_5000.csv,0,76,77824,79871,7.7824,7.9871
77,0122_5000.csv,0,77,78848,80895,7.8848,8.0895
78,0122_5000.csv,0,78,79872,81919,7.9872,8.1919
79,0122_5000.csv,0,79,80896,82943,8.0896,8.2943
80,0122_5000.csv,0,80,81920,83967,8.192,8.3967
81,0122_5000.csv,0,81,82944,84991,8.2944,8.4991
82,0122_5000.csv,0,82,83968,86015,8.3968,8.6015
83,0122_5000.csv,0,83,84992,87039,8.4992,8.7039
84,0122_5000.csv,0,84,86016,88063,8.6016,8.8063
85,0122_5000.csv,0,85,87040,89087,8.704,8.9087
86,0122_5000.csv,0,86,88064,90111,8.8064,9.0111
87,0122_5000.csv,0,87,89088,91135,8.9088,9.1135
88,0122_5000.csv,0,88,90112,92159,9.0112,9.2159
89,0122_5000.csv,0,89,91136,93183,9.1136,9.3183
90,0122_5000.csv,0,90,92160,94207,9.216,9.4207
91,0122_5000.csv,0,91,93184,95231,9.3184,9.5231
92,0122_5000.csv,0,92,94208,96255,9.4208,9.6255
93,0122_5000.csv,0,93,95232,97279,9.5232,9.7279
94,0122_5000.csv,0,94,96256,98303,9.6256,9.8303
95,0122_5000.csv,0,95,97280,99327,9.728,9.9327
96,0122_5000.csv,0,96,98304,100351,9.8304,10.0351
97,0122_5000.csv,0,97,99328,101375,9.9328,10.1375
98,0122_5000.csv,0,98,100352,102399,10.0352,10.2399
99,0122_5000.csv,0,99,101376,103423,10.1376,10.3423
100,0122_5000.csv,0,100,102400,104447,10.24,10.4447
101,0122_5000.csv,0,101,103424,105471,10.3424,10.5471
102,0122_5000.csv,0,102,104448,106495,10.4448,10.6495
103,0122_5000.csv,0,103,105472,107519,10.5472,10.7519
104,0122_5000.csv,0,104,106496,108543,10.6496,10.8543
105,0122_5000.csv,0,105,107520,109567,10.752,10.9567
106,0122_5000.csv,0,106,108544,110591,10.8544,11.0591
107,0122_5000.csv,0,107,109568,111615,10.9568,11.1615
108,0122_5000.csv,0,108,110592,112639,11.0592,11.2639
109,0122_5000.csv,0,109,111616,113663,11.1616,11.3663
110,0122_5000.csv,0,110,112640,114687,11.264,11.4687
111,0122_5000.csv,0,111,113664,115711,11.3664,11.5711
112,0122_5000.csv,0,112,114688,116735,11.4688,11.6735
113,0122_5000.csv,0,113,115712,117759,11.5712,11.7759
114,0122_5000.csv,0,114,116736,118783,11.6736,11.8783
115,0122_5000.csv,0,115,117760,119807,11.776,11.9807
116,0122_5000.csv,0,116,118784,120831,11.8784,12.0831
117,0122_5000.csv,0,117,119808,121855,11.9808,12.1855
118,0122_5000.csv,0,118,120832,122879,12.0832,12.2879
119,0122_5000.csv,0,119,121856,123903,12.1856,12.3903
120,0122_5000.csv,0,120,122880,124927,12.288,12.4927
121,0122_5000.csv,0,121,123904,125951,12.3904,12.5951
122,0122_5000.csv,0,122,124928,126975,12.4928,12.6975
123,0122_5000.csv,0,123,125952,127999,12.5952,12.7999
124,0122_5000.csv,0,124,126976,129023,12.6976,12.9023
125,0122_5000.csv,0,125,128000,130047,12.8,13.0047
126,0122_5000.csv,0,126,129024,131071,12.9024,13.1071
127,0122_5000.csv,0,127,130048,132095,13.0048,13.2095
128,0122_5000.csv,0,128,131072,133119,13.1072,13.3119
129,0122_5000.csv,0,129,132096,134143,13.2096,13.4143
130,0122_5000.csv,0,130,133120,135167,13.312,13.5167
131,0122_5000.csv,0,131,134144,136191,13.4144,13.6191
132,0122_5000.csv,0,132,135168,137215,13.5168,13.7215
133,0122_5000.csv,0,133,136192,138239,13.6192,13.8239
134,0122_5000.csv,0,134,137216,139263,13.7216,13.9263
135,0122_5000.csv,0,135,138240,140287,13.824,14.0287
136,0122_5000.csv,0,136,139264,141311,13.9264,14.1311
137,0122_5000.csv,0,137,140288,142335,14.0288,14.2335
138,0122_5000.csv,0,138,141312,143359,14.1312,14.3359
139,0122_5000.csv,0,139,142336,144383,14.2336,14.4383
140,0122_5000.csv,0,140,143360,145407,14.336,14.5407
141,0122_5000.csv,0,141,144384,146431,14.4384,14.6431
142,0122_5000.csv,0,142,145408,147455,14.5408,14.7455
143,0122_5000.csv,0,143,146432,148479,14.6432,14.8479
144,0122_5000.csv,0,144,147456,149503,14.7456,14.9503
145,0122_5000.csv,0,145,148480,150527,14.848,15.0527
146,0122_5000.csv,0,146,149504,151551,14.9504,15.1551
147,0122_5000.csv,0,147,150528,152575,15.0528,15.2575
148,0122_5000.csv,0,148,151552,153599,15.1552,15.3599
149,0122_5000.csv,0,149,152576,154623,15.2576,15.4623
150,0122_5000.csv,0,150,153600,155647,15.36,15.5647
151,0122_5000.csv,0,151,154624,156671,15.4624,15.6671
152,0122_5000.csv,0,152,155648,157695,15.5648,15.7695
153,0122_5000.csv,0,153,156672,158719,15.6672,15.8719
154,0122_5000.csv,0,154,157696,159743,15.7696,15.9743
155,0122_5000.csv,0,155,158720,160767,15.872,16.0767
156,0122_5000.csv,0,156,159744,161791,15.9744,16.1791
157,0122_5000.csv,0,157,160768,162815,16.0768,16.2815
158,0122_5000.csv,0,158,161792,163839,16.1792,16.3839
159,0122_5000.csv,0,159,162816,164863,16.2816,16.4863
160,0122_5000.csv,0,160,163840,165887,16.384,16.5887
161,0122_5000.csv,0,161,164864,166911,16.4864,16.6911
162,0122_5000.csv,0,162,165888,167935,16.5888,16.7935
163,0122_5000.csv,0,163,166912,168959,16.6912,16.8959
164,0122_5000.csv,0,164,167936,169983,16.7936,16.9983
165,0122_5000.csv,0,165,168960,171007,16.896,17.1007
166,0122_5000.csv,0,166,169984,172031,16.9984,17.2031
167,0122_5000.csv,0,167,171008,173055,17.1008,17.3055
168,0122_5000.csv,0,168,172032,174079,17.2032,17.4079
169,0122_5000.csv,0,169,173056,175103,17.3056,17.5103
170,0122_5000.csv,0,170,174080,176127,17.408,17.6127
171,0122_5000.csv,0,171,175104,177151,17.5104,17.7151
172,0122_5000.csv,0,172,176128,178175,17.6128,17.8175
173,0122_5000.csv,0,173,177152,179199,17.7152,17.9199
174,0122_5000.csv,0,174,178176,180223,17.8176,18.0223
175,0122_5000.csv,0,175,179200,181247,17.92,18.1247
176,0122_5000.csv,0,176,180224,182271,18.0224,18.2271
177,0122_5000.csv,0,177,181248,183295,18.1248,18.3295
178,0122_5000.csv,0,178,182272,184319,18.2272,18.4319
179,0122_5000.csv,0,179,183296,185343,18.3296,18.5343
180,0122_5000.csv,0,180,184320,186367,18.432,18.6367
181,0122_5000.csv,0,181,185344,187391,18.5344,18.7391
182,0122_5000.csv,0,182,186368,188415,18.6368,18.8415
183,0122_5000.csv,0,183,187392,189439,18.7392,18.9439
184,0122_5000.csv,0,184,188416,190463,18.8416,19.0463
185,0122_5000.csv,0,185,189440,191487,18.944,19.1487
186,0122_5000.csv,0,186,190464,192511,19.0464,19.2511
187,0122_5000.csv,0,187,191488,193535,19.1488,19.3535
188,0122_5000.csv,0,188,192512,194559,19.2512,19.4559
189,0122_5000.csv,0,189,193536,195583,19.3536,19.5583
190,0122_5000.csv,0,190,194560,196607,19.456,19.6607
191,0122_5000.csv,0,191,195584,197631,19.5584,19.7631
192,0122_5000.csv,0,192,196608,198655,19.6608,19.8655
193,0122_5000.csv,0,193,197632,199679,19.7632,19.9679
194,0122_5000.csv,0,194,198656,200703,19.8656,20.0703
195,0122_5000.csv,0,195,199680,201727,19.968,20.1727
196,0122_5000.csv,0,196,200704,202751,20.0704,20.2751
197,0122_5000.csv,0,197,201728,203775,20.1728,20.3775
198,0122_5000.csv,0,198,202752,204799,20.2752,20.4799
199,0122_5000.csv,0,199,203776,205823,20.3776,20.5823
200,0122_5000.csv,0,200,204800,206847,20.48,20.6847
201,0122_5000.csv,0,201,205824,207871,20.5824,20.7871
202,0122_5000.csv,0,202,206848,208895,20.6848,20.8895
203,0122_5000.csv,0,203,207872,209919,20.7872,20.9919
204,0122_5000.csv,0,204,208896,210943,20.8896,21.0943
205,0122_5000.csv,0,205,209920,211967,20.992,21.1967
206,0122_5000.csv,0,206,210944,212991,21.0944,21.2991
207,0122_5000.csv,0,207,211968,214015,21.1968,21.4015
208,0122_5000.csv,0,208,212992,215039,21.2992,21.5039
209,0122_5000.csv,0,209,214016,216063,21.4016,21.6063
210,0122_5000.csv,0,210,215040,217087,21.504,21.7087
211,0122_5000.csv,0,211,216064,218111,21.6064,21.8111
212,0122_5000.csv,0,212,217088,219135,21.7088,21.9135
213,0122_5000.csv,0,213,218112,220159,21.8112,22.0159
214,0122_5000.csv,0,214,219136,221183,21.9136,22.1183
215,0122_5000.csv,0,215,220160,222207,22.016,22.2207
216,0122_5000.csv,0,216,221184,223231,22.1184,22.3231
217,0122_5000.csv,0,217,222208,224255,22.2208,22.4255
218,0122_5000.csv,0,218,223232,225279,22.3232,22.5279
219,0122_5000.csv,0,219,224256,226303,22.4256,22.6303
220,0122_5000.csv,0,220,225280,227327,22.528,22.7327
221,0122_5000.csv,0,221,226304,228351,22.6304,22.8351
222,0122_5000.csv,0,222,227328,229375,22.7328,22.9375
223,0122_5000.csv,0,223,228352,230399,22.8352,23.0399
224,0122_5000.csv,0,224,229376,231423,22.9376,23.1423
225,0122_5000.csv,0,225,230400,232447,23.04,23.2447
226,0122_5000.csv,0,226,231424,233471,23.1424,23.3471
227,0122_5000.csv,0,227,232448,234495,23.2448,23.4495
228,0122_5000.csv,0,228,233472,235519,23.3472,23.5519
229,0122_5000.csv,0,229,234496,236543,23.4496,23.6543
230,0122_5000.csv,0,230,235520,237567,23.552,23.7567
231,0122_5000.csv,0,231,236544,238591,23.6544,23.8591
232,0122_5000.csv,0,232,237568,239615,23.7568,23.9615
233,0122_5000.csv,0,233,238592,240639,23.8592,24.0639
234,0122_5000.csv,0,234,239616,241663,23.9616,24.1663
235,0122_5000.csv,0,235,240640,242687,24.064,24.2687
236,0122_5000.csv,0,236,241664,243711,24.1664,24.3711
237,0122_5000.csv,0,237,242688,244735,24.2688,24.4735
238,0122_5000.csv,0,238,243712,245759,24.3712,24.5759
239,0122_5000.csv,0,239,244736,246783,24.4736,24.6783
240,0122_5000.csv,0,240,245760,247807,24.576,24.7807
241,0122_5000.csv,0,241,246784,248831,24.6784,24.8831
242,0122_5000.csv,0,242,247808,249855,24.7808,24.9855
243,0122_5000.csv,0,243,248832,250879,24.8832,25.0879
244,0122_5000.csv,0,244,249856,251903,24.9856,25.1903
245,0122_5000.csv,0,245,250880,252927,25.088,25.2927
246,0122_5000.csv,0,246,251904,253951,25.1904,25.3951
247,0122_5000.csv,0,247,252928,254975,25.2928,25.4975
248,0122_5000.csv,0,248,253952,255999,25.3952,25.5999
249,0122_5000.csv,0,249,254976,257023,25.4976,25.7023
250,0122_5000.csv,0,250,256000,258047,25.6,25.8047
251,0122_5000.csv,0,251,257024,259071,25.7024,25.9071
252,0122_5000.csv,0,252,258048,260095,25.8048,26.0095
253,0122_5000.csv,0,253,259072,261119,25.9072,26.1119
254,0122_5000.csv,0,254,260096,262143,26.0096,26.2143
255,0122_5000.csv,0,255,261120,263167,26.112,26.3167
256,0122_5000.csv,0,256,262144,264191,26.2144,26.4191
257,0122_5000.csv,0,257,263168,265215,26.3168,26.5215
258,0122_5000.csv,0,258,264192,266239,26.4192,26.6239
259,0122_5000.csv,0,259,265216,267263,26.5216,26.7263
260,0122_5000.csv,0,260,266240,268287,26.624,26.8287
261,0122_5000.csv,0,261,267264,269311,26.7264,26.9311
262,0122_5000.csv,0,262,268288,270335,26.8288,27.0335
263,0122_5000.csv,0,263,269312,271359,26.9312,27.1359
264,0122_5000.csv,0,264,270336,272383,27.0336,27.2383
265,0122_5000.csv,0,265,271360,273407,27.136,27.3407
266,0122_5000.csv,0,266,272384,274431,27.2384,27.4431
267,0122_5000.csv,0,267,273408,275455,27.3408,27.5455
268,0122_5000.csv,0,268,274432,276479,27.4432,27.6479
269,0122_5000.csv,0,269,275456,277503,27.5456,27.7503
270,0122_5000.csv,0,270,276480,278527,27.648,27.8527
271,0122_5000.csv,0,271,277504,279551,27.7504,27.9551
272,0122_5000.csv,0,272,278528,280575,27.8528,28.0575
273,0122_5000.csv,0,273,279552,281599,27.9552,28.1599
274,0122_5000.csv,0,274,280576,282623,28.0576,28.2623
275,0122_5000.csv,0,275,281600,283647,28.16,28.3647
276,0122_5000.csv,0,276,282624,284671,28.2624,28.4671
277,0122_5000.csv,0,277,283648,285695,28.3648,28.5695
278,0122_5000.csv,0,278,284672,286719,28.4672,28.6719
279,0122_5000.csv,0,279,285696,287743,28.5696,28.7743
280,0122_5000.csv,0,280,286720,288767,28.672,28.8767
281,0122_5000.csv,0,281,287744,289791,28.7744,28.9791
282,0122_5000.csv,0,282,288768,290815,28.8768,29.0815
283,0122_5000.csv,0,283,289792,291839,28.9792,29.1839
284,0122_5000.csv,0,284,290816,292863,29.0816,29.2863
285,0122_5000.csv,0,285,291840,293887,29.184,29.3887
286,0122_5000.csv,0,286,292864,294911,29.2864,29.4911
287,0122_5000.csv,0,287,293888,295935,29.3888,29.5935
288,0122_5000.csv,0,288,294912,296959,29.4912,29.6959
289,0122_5000.csv,0,289,295936,297983,29.5936,29.7983
290,0122_5000.csv,0,290,296960,299007,29.696,29.9007
291,0123_5000.csv,1,0,0,2047,0.0,0.2047
292,0123_5000.csv,1,1,1024,3071,0.1024,0.3071
293,0123_5000.csv,1,2,2048,4095,0.2048,0.4095
294,0123_5000.csv,1,3,3072,5119,0.3072,0.5119
295,0123_5000.csv,1,4,4096,6143,0.4096,0.6143
296,0123_5000.csv,1,5,5120,7167,0.512,0.7167
297,0123_5000.csv,1,6,6144,8191,0.6144,0.8191
298,0123_5000.csv,1,7,7168,9215,0.7168,0.9215
299,0123_5000.csv,1,8,8192,10239,0.8192,1.0239
300,0123_5000.csv,1,9,9216,11263,0.9216,1.1263
301,0123_5000.csv,1,10,10240,12287,1.024,1.2287
302,0123_5000.csv,1,11,11264,13311,1.1264,1.3311
303,0123_5000.csv,1,12,12288,14335,1.2288,1.4335
304,0123_5000.csv,1,13,13312,15359,1.3312,1.5359
305,0123_5000.csv,1,14,14336,16383,1.4336,1.6383
306,0123_5000.csv,1,15,15360,17407,1.536,1.7407
307,0123_5000.csv,1,16,16384,18431,1.6384,1.8431
308,0123_5000.csv,1,17,17408,19455,1.7408,1.9455
309,0123_5000.csv,1,18,18432,20479,1.8432,2.0479
310,0123_5000.csv,1,19,19456,21503,1.9456,2.1503
311,0123_5000.csv,1,20,20480,22527,2.048,2.2527
312,0123_5000.csv,1,21,21504,23551,2.1504,2.3551
313,0123_5000.csv,1,22,22528,24575,2.2528,2.4575
314,0123_5000.csv,1,23,23552,25599,2.3552,2.5599
315,0123_5000.csv,1,24,24576,26623,2.4576,2.6623
316,0123_5000.csv,1,25,25600,27647,2.56,2.7647
317,0123_5000.csv,1,26,26624,28671,2.6624,2.8671
318,0123_5000.csv,1,27,27648,29695,2.7648,2.9695
319,0123_5000.csv,1,28,28672,30719,2.8672,3.0719
320,0123_5000.csv,1,29,29696,31743,2.9696,3.1743
321,0123_5000.csv,1,30,30720,32767,3.072,3.2767
322,0123_5000.csv,1,31,31744,33791,3.1744,3.3791
323,0123_5000.csv,1,32,32768,34815,3.2768,3.4815
324,0123_5000.csv,1,33,33792,35839,3.3792,3.5839
325,0123_5000.csv,1,34,34816,36863,3.4816,3.6863
326,0123_5000.csv,1,35,35840,37887,3.584,3.7887
327,0123_5000.csv,1,36,36864,38911,3.6864,3.8911
328,0123_5000.csv,1,37,37888,39935,3.7888,3.9935
329,0123_5000.csv,1,38,38912,40959,3.8912,4.0959
330,0123_5000.csv,1,39,39936,41983,3.9936,4.1983
331,0123_5000.csv,1,40,40960,43007,4.096,4.3007
332,0123_5000.csv,1,41,41984,44031,4.1984,4.4031
333,0123_5000.csv,1,42,43008,45055,4.3008,4.5055
334,0123_5000.csv,1,43,44032,46079,4.4032,4.6079
335,0123_5000.csv,1,44,45056,47103,4.5056,4.7103
336,0123_5000.csv,1,45,46080,48127,4.608,4.8127
337,0123_5000.csv,1,46,47104,49151,4.7104,4.9151
338,0123_5000.csv,1,47,48128,50175,4.8128,5.0175
339,0123_5000.csv,1,48,49152,51199,4.9152,5.1199
340,0123_5000.csv,1,49,50176,52223,5.0176,5.2223
341,0123_5000.csv,1,50,51200,53247,5.12,5.3247
342,0123_5000.csv,1,51,52224,54271,5.2224,5.4271
343,0123_5000.csv,1,52,53248,55295,5.3248,5.5295
344,0123_5000.csv,1,53,54272,56319,5.4272,5.6319
345,0123_5000.csv,1,54,55296,57343,5.5296,5.7343
346,0123_5000.csv,1,55,56320,58367,5.632,5.8367
347,0123_5000.csv,1,56,57344,59391,5.7344,5.9391
348,0123_5000.csv,1,57,58368,60415,5.8368,6.0415
349,0123_5000.csv,1,58,59392,61439,5.9392,6.1439
350,0123_5000.csv,1,59,60416,62463,6.0416,6.2463
351,0123_5000.csv,1,60,61440,63487,6.144,6.3487
352,0123_5000.csv,1,61,62464,64511,6.2464,6.4511
353,0123_5000.csv,1,62,63488,65535,6.3488,6.5535
354,0123_5000.csv,1,63,64512,66559,6.4512,6.6559
355,0123_5000.csv,1,64,65536,67583,6.5536,6.7583
356,0123_5000.csv,1,65,66560,68607,6.656,6.8607
357,0123_5000.csv,1,66,67584,69631,6.7584,6.9631
358,0123_5000.csv,1,67,68608,70655,6.8608,7.0655
359,0123_5000.csv,1,68,69632,71679,6.9632,7.1679
360,0123_5000.csv,1,69,70656,72703,7.0656,7.2703
361,0123_5000.csv,1,70,71680,73727,7.168,7.3727
362,0123_5000.csv,1,71,72704,74751,7.2704,7.4751
363,0123_5000.csv,1,72,73728,75775,7.3728,7.5775
364,0123_5000.csv,1,73,74752,76799,7.4752,7.6799
365,0123_5000.csv,1,74,75776,77823,7.5776,7.7823
366,0123_5000.csv,1,75,76800,78847,7.68,7.8847
367,0123_5000.csv,1,76,77824,79871,7.7824,7.9871
368,0123_5000.csv,1,77,78848,80895,7.8848,8.0895
369,0123_5000.csv,1,78,79872,81919,7.9872,8.1919
370,0123_5000.csv,1,79,80896,82943,8.0896,8.2943
371,0123_5000.csv,1,80,81920,83967,8.192,8.3967
372,0123_5000.csv,1,81,82944,84991,8.2944,8.4991
373,0123_5000.csv,1,82,83968,86015,8.3968,8.6015
374,0123_5000.csv,1,83,84992,87039,8.4992,8.7039
375,0123_5000.csv,1,84,86016,88063,8.6016,8.8063
376,0123_5000.csv,1,85,87040,89087,8.704,8.9087
377,0123_5000.csv,1,86,88064,90111,8.8064,9.0111
378,0123_5000.csv,1,87,89088,91135,8.9088,9.1135
379,0123_5000.csv,1,88,90112,92159,9.0112,9.2159
380,0123_5000.csv,1,89,91136,93183,9.1136,9.3183
381,0123_5000.csv,1,90,92160,94207,9.216,9.4207
382,0123_5000.csv,1,91,93184,95231,9.3184,9.5231
383,0123_5000.csv,1,92,94208,96255,9.4208,9.6255
384,0123_5000.csv,1,93,95232,97279,9.5232,9.7279
385,0123_5000.csv,1,94,96256,98303,9.6256,9.8303
386,0123_5000.csv,1,95,97280,99327,9.728,9.9327
387,0123_5000.csv,1,96,98304,100351,9.8304,10.0351
388,0123_5000.csv,1,97,99328,101375,9.9328,10.1375
389,0123_5000.csv,1,98,100352,102399,10.0352,10.2399
390,0123_5000.csv,1,99,101376,103423,10.1376,10.3423
391,0123_5000.csv,1,100,102400,104447,10.24,10.4447
392,0123_5000.csv,1,101,103424,105471,10.3424,10.5471
393,0123_5000.csv,1,102,104448,106495,10.4448,10.6495
394,0123_5000.csv,1,103,105472,107519,10.5472,10.7519
395,0123_5000.csv,1,104,106496,108543,10.6496,10.8543
396,0123_5000.csv,1,105,107520,109567,10.752,10.9567
397,0123_5000.csv,1,106,108544,110591,10.8544,11.0591
398,0123_5000.csv,1,107,109568,111615,10.9568,11.1615
399,0123_5000.csv,1,108,110592,112639,11.0592,11.2639
400,0123_5000.csv,1,109,111616,113663,11.1616,11.3663
401,0123_5000.csv,1,110,112640,114687,11.264,11.4687
402,0123_5000.csv,1,111,113664,115711,11.3664,11.5711
403,0123_5000.csv,1,112,114688,116735,11.4688,11.6735
404,0123_5000.csv,1,113,115712,117759,11.5712,11.7759
405,0123_5000.csv,1,114,116736,118783,11.6736,11.8783
406,0123_5000.csv,1,115,117760,119807,11.776,11.9807
407,0123_5000.csv,1,116,118784,120831,11.8784,12.0831
408,0123_5000.csv,1,117,119808,121855,11.9808,12.1855
409,0123_5000.csv,1,118,120832,122879,12.0832,12.2879
410,0123_5000.csv,1,119,121856,123903,12.1856,12.3903
411,0123_5000.csv,1,120,122880,124927,12.288,12.4927
412,0123_5000.csv,1,121,123904,125951,12.3904,12.5951
413,0123_5000.csv,1,122,124928,126975,12.4928,12.6975
414,0123_5000.csv,1,123,125952,127999,12.5952,12.7999
415,0123_5000.csv,1,124,126976,129023,12.6976,12.9023
416,0123_5000.csv,1,125,128000,130047,12.8,13.0047
417,0123_5000.csv,1,126,129024,131071,12.9024,13.1071
418,0123_5000.csv,1,127,130048,132095,13.0048,13.2095
419,0123_5000.csv,1,128,131072,133119,13.1072,13.3119
420,0123_5000.csv,1,129,132096,134143,13.2096,13.4143
421,0123_5000.csv,1,130,133120,135167,13.312,13.5167
422,0123_5000.csv,1,131,134144,136191,13.4144,13.6191
423,0123_5000.csv,1,132,135168,137215,13.5168,13.7215
424,0123_5000.csv,1,133,136192,138239,13.6192,13.8239
425,0123_5000.csv,1,134,137216,139263,13.7216,13.9263
426,0123_5000.csv,1,135,138240,140287,13.824,14.0287
427,0123_5000.csv,1,136,139264,141311,13.9264,14.1311
428,0123_5000.csv,1,137,140288,142335,14.0288,14.2335
429,0123_5000.csv,1,138,141312,143359,14.1312,14.3359
430,0123_5000.csv,1,139,142336,144383,14.2336,14.4383
431,0123_5000.csv,1,140,143360,145407,14.336,14.5407
432,0123_5000.csv,1,141,144384,146431,14.4384,14.6431
433,0123_5000.csv,1,142,145408,147455,14.5408,14.7455
434,0123_5000.csv,1,143,146432,148479,14.6432,14.8479
435,0123_5000.csv,1,144,147456,149503,14.7456,14.9503
436,0123_5000.csv,1,145,148480,150527,14.848,15.0527
437,0123_5000.csv,1,146,149504,151551,14.9504,15.1551
438,0123_5000.csv,1,147,150528,152575,15.0528,15.2575
439,0123_5000.csv,1,148,151552,153599,15.1552,15.3599
440,0123_5000.csv,1,149,152576,154623,15.2576,15.4623
441,0123_5000.csv,1,150,153600,155647,15.36,15.5647
442,0123_5000.csv,1,151,154624,156671,15.4624,15.6671
443,0123_5000.csv,1,152,155648,157695,15.5648,15.7695
444,0123_5000.csv,1,153,156672,158719,15.6672,15.8719
445,0123_5000.csv,1,154,157696,159743,15.7696,15.9743
446,0123_5000.csv,1,155,158720,160767,15.872,16.0767
447,0123_5000.csv,1,156,159744,161791,15.9744,16.1791
448,0123_5000.csv,1,157,160768,162815,16.0768,16.2815
449,0123_5000.csv,1,158,161792,163839,16.1792,16.3839
450,0123_5000.csv,1,159,162816,164863,16.2816,16.4863
451,0123_5000.csv,1,160,163840,165887,16.384,16.5887
452,0123_5000.csv,1,161,164864,166911,16.4864,16.6911
453,0123_5000.csv,1,162,165888,167935,16.5888,16.7935
454,0123_5000.csv,1,163,166912,168959,16.6912,16.8959
455,0123_5000.csv,1,164,167936,169983,16.7936,16.9983
456,0123_5000.csv,1,165,168960,171007,16.896,17.1007
457,0123_5000.csv,1,166,169984,172031,16.9984,17.2031
458,0123_5000.csv,1,167,171008,173055,17.1008,17.3055
459,0123_5000.csv,1,168,172032,174079,17.2032,17.4079
460,0123_5000.csv,1,169,173056,175103,17.3056,17.5103
461,0123_5000.csv,1,170,174080,176127,17.408,17.6127
462,0123_5000.csv,1,171,175104,177151,17.5104,17.7151
463,0123_5000.csv,1,172,176128,178175,17.6128,17.8175
464,0123_5000.csv,1,173,177152,179199,17.7152,17.9199
465,0123_5000.csv,1,174,178176,180223,17.8176,18.0223
466,0123_5000.csv,1,175,179200,181247,17.92,18.1247
467,0123_5000.csv,1,176,180224,182271,18.0224,18.2271
468,0123_5000.csv,1,177,181248,183295,18.1248,18.3295
469,0123_5000.csv,1,178,182272,184319,18.2272,18.4319
470,0123_5000.csv,1,179,183296,185343,18.3296,18.5343
471,0123_5000.csv,1,180,184320,186367,18.432,18.6367
472,0123_5000.csv,1,181,185344,187391,18.5344,18.7391
473,0123_5000.csv,1,182,186368,188415,18.6368,18.8415
474,0123_5000.csv,1,183,187392,189439,18.7392,18.9439
475,0123_5000.csv,1,184,188416,190463,18.8416,19.0463
476,0123_5000.csv,1,185,189440,191487,18.944,19.1487
477,0123_5000.csv,1,186,190464,192511,19.0464,19.2511
478,0123_5000.csv,1,187,191488,193535,19.1488,19.3535
479,0123_5000.csv,1,188,192512,194559,19.2512,19.4559
480,0123_5000.csv,1,189,193536,195583,19.3536,19.5583
481,0123_5000.csv,1,190,194560,196607,19.456,19.6607
482,0123_5000.csv,1,191,195584,197631,19.5584,19.7631
483,0123_5000.csv,1,192,196608,198655,19.6608,19.8655
484,0123_5000.csv,1,193,197632,199679,19.7632,19.9679
485,0123_5000.csv,1,194,198656,200703,19.8656,20.0703
486,0123_5000.csv,1,195,199680,201727,19.968,20.1727
487,0123_5000.csv,1,196,200704,202751,20.0704,20.2751
488,0123_5000.csv,1,197,201728,203775,20.1728,20.3775
489,0123_5000.csv,1,198,202752,204799,20.2752,20.4799
490,0123_5000.csv,1,199,203776,205823,20.3776,20.5823
491,0123_5000.csv,1,200,204800,206847,20.48,20.6847
492,0123_5000.csv,1,201,205824,207871,20.5824,20.7871
493,0123_5000.csv,1,202,206848,208895,20.6848,20.8895
494,0123_5000.csv,1,203,207872,209919,20.7872,20.9919
495,0123_5000.csv,1,204,208896,210943,20.8896,21.0943
496,0123_5000.csv,1,205,209920,211967,20.992,21.1967
497,0123_5000.csv,1,206,210944,212991,21.0944,21.2991
498,0123_5000.csv,1,207,211968,214015,21.1968,21.4015
499,0123_5000.csv,1,208,212992,215039,21.2992,21.5039
500,0123_5000.csv,1,209,214016,216063,21.4016,21.6063
501,0123_5000.csv,1,210,215040,217087,21.504,21.7087
502,0123_5000.csv,1,211,216064,218111,21.6064,21.8111
503,0123_5000.csv,1,212,217088,219135,21.7088,21.9135
504,0123_5000.csv,1,213,218112,220159,21.8112,22.0159
505,0123_5000.csv,1,214,219136,221183,21.9136,22.1183
506,0123_5000.csv,1,215,220160,222207,22.016,22.2207
507,0123_5000.csv,1,216,221184,223231,22.1184,22.3231
508,0123_5000.csv,1,217,222208,224255,22.2208,22.4255
509,0123_5000.csv,1,218,223232,225279,22.3232,22.5279
510,0123_5000.csv,1,219,224256,226303,22.4256,22.6303
511,0123_5000.csv,1,220,225280,227327,22.528,22.7327
512,0123_5000.csv,1,221,226304,228351,22.6304,22.8351
513,0123_5000.csv,1,222,227328,229375,22.7328,22.9375
514,0123_5000.csv,1,223,228352,230399,22.8352,23.0399
515,0123_5000.csv,1,224,229376,231423,22.9376,23.1423
516,0123_5000.csv,1,225,230400,232447,23.04,23.2447
517,0123_5000.csv,1,226,231424,233471,23.1424,23.3471
518,0123_5000.csv,1,227,232448,234495,23.2448,23.4495
519,0123_5000.csv,1,228,233472,235519,23.3472,23.5519
520,0123_5000.csv,1,229,234496,236543,23.4496,23.6543
521,0123_5000.csv,1,230,235520,237567,23.552,23.7567
522,0123_5000.csv,1,231,236544,238591,23.6544,23.8591
523,0123_5000.csv,1,232,237568,239615,23.7568,23.9615
524,0123_5000.csv,1,233,238592,240639,23.8592,24.0639
525,0123_5000.csv,1,234,239616,241663,23.9616,24.1663
526,0123_5000.csv,1,235,240640,242687,24.064,24.2687
527,0123_5000.csv,1,236,241664,243711,24.1664,24.3711
528,0123_5000.csv,1,237,242688,244735,24.2688,24.4735
529,0123_5000.csv,1,238,243712,245759,24.3712,24.5759
530,0123_5000.csv,1,239,244736,246783,24.4736,24.6783
531,0123_5000.csv,1,240,245760,247807,24.576,24.7807
532,0123_5000.csv,1,241,246784,248831,24.6784,24.8831
533,0123_5000.csv,1,242,247808,249855,24.7808,24.9855
534,0123_5000.csv,1,243,248832,250879,24.8832,25.0879
535,0123_5000.csv,1,244,249856,251903,24.9856,25.1903
536,0123_5000.csv,1,245,250880,252927,25.088,25.2927
537,0123_5000.csv,1,246,251904,253951,25.1904,25.3951
538,0123_5000.csv,1,247,252928,254975,25.2928,25.4975
539,0123_5000.csv,1,248,253952,255999,25.3952,25.5999
540,0123_5000.csv,1,249,254976,257023,25.4976,25.7023
541,0123_5000.csv,1,250,256000,258047,25.6,25.8047
542,0123_5000.csv,1,251,257024,259071,25.7024,25.9071
543,0123_5000.csv,1,252,258048,260095,25.8048,26.0095
544,0123_5000.csv,1,253,259072,261119,25.9072,26.1119
545,0123_5000.csv,1,254,260096,262143,26.0096,26.2143
546,0123_5000.csv,1,255,261120,263167,26.112,26.3167
547,0123_5000.csv,1,256,262144,264191,26.2144,26.4191
548,0123_5000.csv,1,257,263168,265215,26.3168,26.5215
549,0123_5000.csv,1,258,264192,266239,26.4192,26.6239
550,0123_5000.csv,1,259,265216,267263,26.5216,26.7263
551,0123_5000.csv,1,260,266240,268287,26.624,26.8287
552,0123_5000.csv,1,261,267264,269311,26.7264,26.9311
553,0123_5000.csv,1,262,268288,270335,26.8288,27.0335
554,0123_5000.csv,1,263,269312,271359,26.9312,27.1359
555,0123_5000.csv,1,264,270336,272383,27.0336,27.2383
556,0123_5000.csv,1,265,271360,273407,27.136,27.3407
557,0123_5000.csv,1,266,272384,274431,27.2384,27.4431
558,0123_5000.csv,1,267,273408,275455,27.3408,27.5455
559,0123_5000.csv,1,268,274432,276479,27.4432,27.6479
560,0123_5000.csv,1,269,275456,277503,27.5456,27.7503
561,0123_5000.csv,1,270,276480,278527,27.648,27.8527
562,0123_5000.csv,1,271,277504,279551,27.7504,27.9551
563,0123_5000.csv,1,272,278528,280575,27.8528,28.0575
564,0123_5000.csv,1,273,279552,281599,27.9552,28.1599
565,0123_5000.csv,1,274,280576,282623,28.0576,28.2623
566,0123_5000.csv,1,275,281600,283647,28.16,28.3647
567,0123_5000.csv,1,276,282624,284671,28.2624,28.4671
568,0123_5000.csv,1,277,283648,285695,28.3648,28.5695
569,0123_5000.csv,1,278,284672,286719,28.4672,28.6719
570,0123_5000.csv,1,279,285696,287743,28.5696,28.7743
571,0123_5000.csv,1,280,286720,288767,28.672,28.8767
572,0123_5000.csv,1,281,287744,289791,28.7744,28.9791
573,0123_5000.csv,1,282,288768,290815,28.8768,29.0815
574,0123_5000.csv,1,283,289792,291839,28.9792,29.1839
575,0123_5000.csv,1,284,290816,292863,29.0816,29.2863
576,0123_5000.csv,1,285,291840,293887,29.184,29.3887
577,0123_5000.csv,1,286,292864,294911,29.2864,29.4911
578,0123_5000.csv,1,287,293888,295935,29.3888,29.5935
579,0123_5000.csv,1,288,294912,296959,29.4912,29.6959
580,0123_5000.csv,1,289,295936,297983,29.5936,29.7983
581,0123_5000.csv,1,290,296960,299007,29.696,29.9007
582,0127_5000.csv,2,0,0,2047,0.0,0.2047
583,0127_5000.csv,2,1,1024,3071,0.1024,0.3071
584,0127_5000.csv,2,2,2048,4095,0.2048,0.4095
585,0127_5000.csv,2,3,3072,5119,0.3072,0.5119
586,0127_5000.csv,2,4,4096,6143,0.4096,0.6143
587,0127_5000.csv,2,5,5120,7167,0.512,0.7167
588,0127_5000.csv,2,6,6144,8191,0.6144,0.8191
589,0127_5000.csv,2,7,7168,9215,0.7168,0.9215
590,0127_5000.csv,2,8,8192,10239,0.8192,1.0239
591,0127_5000.csv,2,9,9216,11263,0.9216,1.1263
592,0127_5000.csv,2,10,10240,12287,1.024,1.2287
593,0127_5000.csv,2,11,11264,13311,1.1264,1.3311
594,0127_5000.csv,2,12,12288,14335,1.2288,1.4335
595,0127_5000.csv,2,13,13312,15359,1.3312,1.5359
596,0127_5000.csv,2,14,14336,16383,1.4336,1.6383
597,0127_5000.csv,2,15,15360,17407,1.536,1.7407
598,0127_5000.csv,2,16,16384,18431,1.6384,1.8431
599,0127_5000.csv,2,17,17408,19455,1.7408,1.9455
600,0127_5000.csv,2,18,18432,20479,1.8432,2.0479
601,0127_5000.csv,2,19,19456,21503,1.9456,2.1503
602,0127_5000.csv,2,20,20480,22527,2.048,2.2527
603,0127_5000.csv,2,21,21504,23551,2.1504,2.3551
604,0127_5000.csv,2,22,22528,24575,2.2528,2.4575
605,0127_5000.csv,2,23,23552,25599,2.3552,2.5599
606,0127_5000.csv,2,24,24576,26623,2.4576,2.6623
607,0127_5000.csv,2,25,25600,27647,2.56,2.7647
608,0127_5000.csv,2,26,26624,28671,2.6624,2.8671
609,0127_5000.csv,2,27,27648,29695,2.7648,2.9695
610,0127_5000.csv,2,28,28672,30719,2.8672,3.0719
611,0127_5000.csv,2,29,29696,31743,2.9696,3.1743
612,0127_5000.csv,2,30,30720,32767,3.072,3.2767
613,0127_5000.csv,2,31,31744,33791,3.1744,3.3791
614,0127_5000.csv,2,32,32768,34815,3.2768,3.4815
615,0127_5000.csv,2,33,33792,35839,3.3792,3.5839
616,0127_5000.csv,2,34,34816,36863,3.4816,3.6863
617,0127_5000.csv,2,35,35840,37887,3.584,3.7887
618,0127_5000.csv,2,36,36864,38911,3.6864,3.8911
619,0127_5000.csv,2,37,37888,39935,3.7888,3.9935
620,0127_5000.csv,2,38,38912,40959,3.8912,4.0959
621,0127_5000.csv,2,39,39936,41983,3.9936,4.1983
622,0127_5000.csv,2,40,40960,43007,4.096,4.3007
623,0127_5000.csv,2,41,41984,44031,4.1984,4.4031
624,0127_5000.csv,2,42,43008,45055,4.3008,4.5055
625,0127_5000.csv,2,43,44032,46079,4.4032,4.6079
626,0127_5000.csv,2,44,45056,47103,4.5056,4.7103
627,0127_5000.csv,2,45,46080,48127,4.608,4.8127
628,0127_5000.csv,2,46,47104,49151,4.7104,4.9151
629,0127_5000.csv,2,47,48128,50175,4.8128,5.0175
630,0127_5000.csv,2,48,49152,51199,4.9152,5.1199
631,0127_5000.csv,2,49,50176,52223,5.0176,5.2223
632,0127_5000.csv,2,50,51200,53247,5.12,5.3247
633,0127_5000.csv,2,51,52224,54271,5.2224,5.4271
634,0127_5000.csv,2,52,53248,55295,5.3248,5.5295
635,0127_5000.csv,2,53,54272,56319,5.4272,5.6319
636,0127_5000.csv,2,54,55296,57343,5.5296,5.7343
637,0127_5000.csv,2,55,56320,58367,5.632,5.8367
638,0127_5000.csv,2,56,57344,59391,5.7344,5.9391
639,0127_5000.csv,2,57,58368,60415,5.8368,6.0415
640,0127_5000.csv,2,58,59392,61439,5.9392,6.1439
641,0127_5000.csv,2,59,60416,62463,6.0416,6.2463
642,0127_5000.csv,2,60,61440,63487,6.144,6.3487
643,0127_5000.csv,2,61,62464,64511,6.2464,6.4511
644,0127_5000.csv,2,62,63488,65535,6.3488,6.5535
645,0127_5000.csv,2,63,64512,66559,6.4512,6.6559
646,0127_5000.csv,2,64,65536,67583,6.5536,6.7583
647,0127_5000.csv,2,65,66560,68607,6.656,6.8607
648,0127_5000.csv,2,66,67584,69631,6.7584,6.9631
649,0127_5000.csv,2,67,68608,70655,6.8608,7.0655
650,0127_5000.csv,2,68,69632,71679,6.9632,7.1679
651,0127_5000.csv,2,69,70656,72703,7.0656,7.2703
652,0127_5000.csv,2,70,71680,73727,7.168,7.3727
653,0127_5000.csv,2,71,72704,74751,7.2704,7.4751
654,0127_5000.csv,2,72,73728,75775,7.3728,7.5775
655,0127_5000.csv,2,73,74752,76799,7.4752,7.6799
656,0127_5000.csv,2,74,75776,77823,7.5776,7.7823
657,0127_5000.csv,2,75,76800,78847,7.68,7.8847
658,0127_5000.csv,2,76,77824,79871,7.7824,7.9871
659,0127_5000.csv,2,77,78848,80895,7.8848,8.0895
660,0127_5000.csv,2,78,79872,81919,7.9872,8.1919
661,0127_5000.csv,2,79,80896,82943,8.0896,8.2943
662,0127_5000.csv,2,80,81920,83967,8.192,8.3967
663,0127_5000.csv,2,81,82944,84991,8.2944,8.4991
664,0127_5000.csv,2,82,83968,86015,8.3968,8.6015
665,0127_5000.csv,2,83,84992,87039,8.4992,8.7039
666,0127_5000.csv,2,84,86016,88063,8.6016,8.8063
667,0127_5000.csv,2,85,87040,89087,8.704,8.9087
668,0127_5000.csv,2,86,88064,90111,8.8064,9.0111
669,0127_5000.csv,2,87,89088,91135,8.9088,9.1135
670,0127_5000.csv,2,88,90112,92159,9.0112,9.2159
671,0127_5000.csv,2,89,91136,93183,9.1136,9.3183
672,0127_5000.csv,2,90,92160,94207,9.216,9.4207
673,0127_5000.csv,2,91,93184,95231,9.3184,9.5231
674,0127_5000.csv,2,92,94208,96255,9.4208,9.6255
675,0127_5000.csv,2,93,95232,97279,9.5232,9.7279
676,0127_5000.csv,2,94,96256,98303,9.6256,9.8303
677,0127_5000.csv,2,95,97280,99327,9.728,9.9327
678,0127_5000.csv,2,96,98304,100351,9.8304,10.0351
679,0127_5000.csv,2,97,99328,101375,9.9328,10.1375
680,0127_5000.csv,2,98,100352,102399,10.0352,10.2399
681,0127_5000.csv,2,99,101376,103423,10.1376,10.3423
682,0127_5000.csv,2,100,102400,104447,10.24,10.4447
683,0127_5000.csv,2,101,103424,105471,10.3424,10.5471
684,0127_5000.csv,2,102,104448,106495,10.4448,10.6495
685,0127_5000.csv,2,103,105472,107519,10.5472,10.7519
686,0127_5000.csv,2,104,106496,108543,10.6496,10.8543
687,0127_5000.csv,2,105,107520,109567,10.752,10.9567
688,0127_5000.csv,2,106,108544,110591,10.8544,11.0591
689,0127_5000.csv,2,107,109568,111615,10.9568,11.1615
690,0127_5000.csv,2,108,110592,112639,11.0592,11.2639
691,0127_5000.csv,2,109,111616,113663,11.1616,11.3663
692,0127_5000.csv,2,110,112640,114687,11.264,11.4687
693,0127_5000.csv,2,111,113664,115711,11.3664,11.5711
694,0127_5000.csv,2,112,114688,116735,11.4688,11.6735
695,0127_5000.csv,2,113,115712,117759,11.5712,11.7759
696,0127_5000.csv,2,114,116736,118783,11.6736,11.8783
697,0127_5000.csv,2,115,117760,119807,11.776,11.9807
698,0127_5000.csv,2,116,118784,120831,11.8784,12.0831
699,0127_5000.csv,2,117,119808,121855,11.9808,12.1855
700,0127_5000.csv,2,118,120832,122879,12.0832,12.2879
701,0127_5000.csv,2,119,121856,123903,12.1856,12.3903
702,0127_5000.csv,2,120,122880,124927,12.288,12.4927
703,0127_5000.csv,2,121,123904,125951,12.3904,12.5951
704,0127_5000.csv,2,122,124928,126975,12.4928,12.6975
705,0127_5000.csv,2,123,125952,127999,12.5952,12.7999
706,0127_5000.csv,2,124,126976,129023,12.6976,12.9023
707,0127_5000.csv,2,125,128000,130047,12.8,13.0047
708,0127_5000.csv,2,126,129024,131071,12.9024,13.1071
709,0127_5000.csv,2,127,130048,132095,13.0048,13.2095
710,0127_5000.csv,2,128,131072,133119,13.1072,13.3119
711,0127_5000.csv,2,129,132096,134143,13.2096,13.4143
712,0127_5000.csv,2,130,133120,135167,13.312,13.5167
713,0127_5000.csv,2,131,134144,136191,13.4144,13.6191
714,0127_5000.csv,2,132,135168,137215,13.5168,13.7215
715,0127_5000.csv,2,133,136192,138239,13.6192,13.8239
716,0127_5000.csv,2,134,137216,139263,13.7216,13.9263
717,0127_5000.csv,2,135,138240,140287,13.824,14.0287
718,0127_5000.csv,2,136,139264,141311,13.9264,14.1311
719,0127_5000.csv,2,137,140288,142335,14.0288,14.2335
720,0127_5000.csv,2,138,141312,143359,14.1312,14.3359
721,0127_5000.csv,2,139,142336,144383,14.2336,14.4383
722,0127_5000.csv,2,140,143360,145407,14.336,14.5407
723,0127_5000.csv,2,141,144384,146431,14.4384,14.6431
724,0127_5000.csv,2,142,145408,147455,14.5408,14.7455
725,0127_5000.csv,2,143,146432,148479,14.6432,14.8479
726,0127_5000.csv,2,144,147456,149503,14.7456,14.9503
727,0127_5000.csv,2,145,148480,150527,14.848,15.0527
728,0127_5000.csv,2,146,149504,151551,14.9504,15.1551
729,0127_5000.csv,2,147,150528,152575,15.0528,15.2575
730,0127_5000.csv,2,148,151552,153599,15.1552,15.3599
731,0127_5000.csv,2,149,152576,154623,15.2576,15.4623
732,0127_5000.csv,2,150,153600,155647,15.36,15.5647
733,0127_5000.csv,2,151,154624,156671,15.4624,15.6671
734,0127_5000.csv,2,152,155648,157695,15.5648,15.7695
735,0127_5000.csv,2,153,156672,158719,15.6672,15.8719
736,0127_5000.csv,2,154,157696,159743,15.7696,15.9743
737,0127_5000.csv,2,155,158720,160767,15.872,16.0767
738,0127_5000.csv,2,156,159744,161791,15.9744,16.1791
739,0127_5000.csv,2,157,160768,162815,16.0768,16.2815
740,0127_5000.csv,2,158,161792,163839,16.1792,16.3839
741,0127_5000.csv,2,159,162816,164863,16.2816,16.4863
742,0127_5000.csv,2,160,163840,165887,16.384,16.5887
743,0127_5000.csv,2,161,164864,166911,16.4864,16.6911
744,0127_5000.csv,2,162,165888,167935,16.5888,16.7935
745,0127_5000.csv,2,163,166912,168959,16.6912,16.8959
746,0127_5000.csv,2,164,167936,169983,16.7936,16.9983
747,0127_5000.csv,2,165,168960,171007,16.896,17.1007
748,0127_5000.csv,2,166,169984,172031,16.9984,17.2031
749,0127_5000.csv,2,167,171008,173055,17.1008,17.3055
750,0127_5000.csv,2,168,172032,174079,17.2032,17.4079
751,0127_5000.csv,2,169,173056,175103,17.3056,17.5103
752,0127_5000.csv,2,170,174080,176127,17.408,17.6127
753,0127_5000.csv,2,171,175104,177151,17.5104,17.7151
754,0127_5000.csv,2,172,176128,178175,17.6128,17.8175
755,0127_5000.csv,2,173,177152,179199,17.7152,17.9199
756,0127_5000.csv,2,174,178176,180223,17.8176,18.0223
757,0127_5000.csv,2,175,179200,181247,17.92,18.1247
758,0127_5000.csv,2,176,180224,182271,18.0224,18.2271
759,0127_5000.csv,2,177,181248,183295,18.1248,18.3295
760,0127_5000.csv,2,178,182272,184319,18.2272,18.4319
761,0127_5000.csv,2,179,183296,185343,18.3296,18.5343
762,0127_5000.csv,2,180,184320,186367,18.432,18.6367
763,0127_5000.csv,2,181,185344,187391,18.5344,18.7391
764,0127_5000.csv,2,182,186368,188415,18.6368,18.8415
765,0127_5000.csv,2,183,187392,189439,18.7392,18.9439
766,0127_5000.csv,2,184,188416,190463,18.8416,19.0463
767,0127_5000.csv,2,185,189440,191487,18.944,19.1487
768,0127_5000.csv,2,186,190464,192511,19.0464,19.2511
769,0127_5000.csv,2,187,191488,193535,19.1488,19.3535
770,0127_5000.csv,2,188,192512,194559,19.2512,19.4559
771,0127_5000.csv,2,189,193536,195583,19.3536,19.5583
772,0127_5000.csv,2,190,194560,196607,19.456,19.6607
773,0127_5000.csv,2,191,195584,197631,19.5584,19.7631
774,0127_5000.csv,2,192,196608,198655,19.6608,19.8655
775,0127_5000.csv,2,193,197632,199679,19.7632,19.9679
776,0127_5000.csv,2,194,198656,200703,19.8656,20.0703
777,0127_5000.csv,2,195,199680,201727,19.968,20.1727
778,0127_5000.csv,2,196,200704,202751,20.0704,20.2751
779,0127_5000.csv,2,197,201728,203775,20.1728,20.3775
780,0127_5000.csv,2,198,202752,204799,20.2752,20.4799
781,0127_5000.csv,2,199,203776,205823,20.3776,20.5823
782,0127_5000.csv,2,200,204800,206847,20.48,20.6847
783,0127_5000.csv,2,201,205824,207871,20.5824,20.7871
784,0127_5000.csv,2,202,206848,208895,20.6848,20.8895
785,0127_5000.csv,2,203,207872,209919,20.7872,20.9919
786,0127_5000.csv,2,204,208896,210943,20.8896,21.0943
787,0127_5000.csv,2,205,209920,211967,20.992,21.1967
788,0127_5000.csv,2,206,210944,212991,21.0944,21.2991
789,0127_5000.csv,2,207,211968,214015,21.1968,21.4015
790,0127_5000.csv,2,208,212992,215039,21.2992,21.5039
791,0127_5000.csv,2,209,214016,216063,21.4016,21.6063
792,0127_5000.csv,2,210,215040,217087,21.504,21.7087
793,0127_5000.csv,2,211,216064,218111,21.6064,21.8111
794,0127_5000.csv,2,212,217088,219135,21.7088,21.9135
795,0127_5000.csv,2,213,218112,220159,21.8112,22.0159
796,0127_5000.csv,2,214,219136,221183,21.9136,22.1183
797,0127_5000.csv,2,215,220160,222207,22.016,22.2207
798,0127_5000.csv,2,216,221184,223231,22.1184,22.3231
799,0127_5000.csv,2,217,222208,224255,22.2208,22.4255
800,0127_5000.csv,2,218,223232,225279,22.3232,22.5279
801,0127_5000.csv,2,219,224256,226303,22.4256,22.6303
802,0127_5000.csv,2,220,225280,227327,22.528,22.7327
803,0127_5000.csv,2,221,226304,228351,22.6304,22.8351
804,0127_5000.csv,2,222,227328,229375,22.7328,22.9375
805,0127_5000.csv,2,223,228352,230399,22.8352,23.0399
806,0127_5000.csv,2,224,229376,231423,22.9376,23.1423
807,0127_5000.csv,2,225,230400,232447,23.04,23.2447
808,0127_5000.csv,2,226,231424,233471,23.1424,23.3471
809,0127_5000.csv,2,227,232448,234495,23.2448,23.4495
810,0127_5000.csv,2,228,233472,235519,23.3472,23.5519
811,0127_5000.csv,2,229,234496,236543,23.4496,23.6543
812,0127_5000.csv,2,230,235520,237567,23.552,23.7567
813,0127_5000.csv,2,231,236544,238591,23.6544,23.8591
814,0127_5000.csv,2,232,237568,239615,23.7568,23.9615
815,0127_5000.csv,2,233,238592,240639,23.8592,24.0639
816,0127_5000.csv,2,234,239616,241663,23.9616,24.1663
817,0127_5000.csv,2,235,240640,242687,24.064,24.2687
818,0127_5000.csv,2,236,241664,243711,24.1664,24.3711
819,0127_5000.csv,2,237,242688,244735,24.2688,24.4735
820,0127_5000.csv,2,238,243712,245759,24.3712,24.5759
821,0127_5000.csv,2,239,244736,246783,24.4736,24.6783
822,0127_5000.csv,2,240,245760,247807,24.576,24.7807
823,0127_5000.csv,2,241,246784,248831,24.6784,24.8831
824,0127_5000.csv,2,242,247808,249855,24.7808,24.9855
825,0127_5000.csv,2,243,248832,250879,24.8832,25.0879
826,0127_5000.csv,2,244,249856,251903,24.9856,25.1903
827,0127_5000.csv,2,245,250880,252927,25.088,25.2927
828,0127_5000.csv,2,246,251904,253951,25.1904,25.3951
829,0127_5000.csv,2,247,252928,254975,25.2928,25.4975
830,0127_5000.csv,2,248,253952,255999,25.3952,25.5999
831,0127_5000.csv,2,249,254976,257023,25.4976,25.7023
832,0127_5000.csv,2,250,256000,258047,25.6,25.8047
833,0127_5000.csv,2,251,257024,259071,25.7024,25.9071
834,0127_5000.csv,2,252,258048,260095,25.8048,26.0095
835,0127_5000.csv,2,253,259072,261119,25.9072,26.1119
836,0127_5000.csv,2,254,260096,262143,26.0096,26.2143
837,0127_5000.csv,2,255,261120,263167,26.112,26.3167
838,0127_5000.csv,2,256,262144,264191,26.2144,26.4191
839,0127_5000.csv,2,257,263168,265215,26.3168,26.5215
840,0127_5000.csv,2,258,264192,266239,26.4192,26.6239
841,0127_5000.csv,2,259,265216,267263,26.5216,26.7263
842,0127_5000.csv,2,260,266240,268287,26.624,26.8287
843,0127_5000.csv,2,261,267264,269311,26.7264,26.9311
844,0127_5000.csv,2,262,268288,270335,26.8288,27.0335
845,0127_5000.csv,2,263,269312,271359,26.9312,27.1359
846,0127_5000.csv,2,264,270336,272383,27.0336,27.2383
847,0127_5000.csv,2,265,271360,273407,27.136,27.3407
848,0127_5000.csv,2,266,272384,274431,27.2384,27.4431
849,0127_5000.csv,2,267,273408,275455,27.3408,27.5455
850,0127_5000.csv,2,268,274432,276479,27.4432,27.6479
851,0127_5000.csv,2,269,275456,277503,27.5456,27.7503
852,0127_5000.csv,2,270,276480,278527,27.648,27.8527
853,0127_5000.csv,2,271,277504,279551,27.7504,27.9551
854,0127_5000.csv,2,272,278528,280575,27.8528,28.0575
855,0127_5000.csv,2,273,279552,281599,27.9552,28.1599
856,0127_5000.csv,2,274,280576,282623,28.0576,28.2623
857,0127_5000.csv,2,275,281600,283647,28.16,28.3647
858,0127_5000.csv,2,276,282624,284671,28.2624,28.4671
859,0127_5000.csv,2,277,283648,285695,28.3648,28.5695
860,0127_5000.csv,2,278,284672,286719,28.4672,28.6719
861,0127_5000.csv,2,279,285696,287743,28.5696,28.7743
862,0127_5000.csv,2,280,286720,288767,28.672,28.8767
863,0127_5000.csv,2,281,287744,289791,28.7744,28.9791
864,0127_5000.csv,2,282,288768,290815,28.8768,29.0815
865,0127_5000.csv,2,283,289792,291839,28.9792,29.1839
866,0127_5000.csv,2,284,290816,292863,29.0816,29.2863
867,0127_5000.csv,2,285,291840,293887,29.184,29.3887
868,0127_5000.csv,2,286,292864,294911,29.2864,29.4911
869,0127_5000.csv,2,287,293888,295935,29.3888,29.5935
870,0127_5000.csv,2,288,294912,296959,29.4912,29.6959
871,0127_5000.csv,2,289,295936,297983,29.5936,29.7983
872,0127_5000.csv,2,290,296960,299007,29.696,29.9007
873,0128_5000.csv,3,0,0,2047,0.0,0.2047
874,0128_5000.csv,3,1,1024,3071,0.1024,0.3071
875,0128_5000.csv,3,2,2048,4095,0.2048,0.4095
876,0128_5000.csv,3,3,3072,5119,0.3072,0.5119
877,0128_5000.csv,3,4,4096,6143,0.4096,0.6143
878,0128_5000.csv,3,5,5120,7167,0.512,0.7167
879,0128_5000.csv,3,6,6144,8191,0.6144,0.8191
880,0128_5000.csv,3,7,7168,9215,0.7168,0.9215
881,0128_5000.csv,3,8,8192,10239,0.8192,1.0239
882,0128_5000.csv,3,9,9216,11263,0.9216,1.1263
883,0128_5000.csv,3,10,10240,12287,1.024,1.2287
884,0128_5000.csv,3,11,11264,13311,1.1264,1.3311
885,0128_5000.csv,3,12,12288,14335,1.2288,1.4335
886,0128_5000.csv,3,13,13312,15359,1.3312,1.5359
887,0128_5000.csv,3,14,14336,16383,1.4336,1.6383
888,0128_5000.csv,3,15,15360,17407,1.536,1.7407
889,0128_5000.csv,3,16,16384,18431,1.6384,1.8431
890,0128_5000.csv,3,17,17408,19455,1.7408,1.9455
891,0128_5000.csv,3,18,18432,20479,1.8432,2.0479
892,0128_5000.csv,3,19,19456,21503,1.9456,2.1503
893,0128_5000.csv,3,20,20480,22527,2.048,2.2527
894,0128_5000.csv,3,21,21504,23551,2.1504,2.3551
895,0128_5000.csv,3,22,22528,24575,2.2528,2.4575
896,0128_5000.csv,3,23,23552,25599,2.3552,2.5599
897,0128_5000.csv,3,24,24576,26623,2.4576,2.6623
898,0128_5000.csv,3,25,25600,27647,2.56,2.7647
899,0128_5000.csv,3,26,26624,28671,2.6624,2.8671
900,0128_5000.csv,3,27,27648,29695,2.7648,2.9695
901,0128_5000.csv,3,28,28672,30719,2.8672,3.0719
902,0128_5000.csv,3,29,29696,31743,2.9696,3.1743
903,0128_5000.csv,3,30,30720,32767,3.072,3.2767
904,0128_5000.csv,3,31,31744,33791,3.1744,3.3791
905,0128_5000.csv,3,32,32768,34815,3.2768,3.4815
906,0128_5000.csv,3,33,33792,35839,3.3792,3.5839
907,0128_5000.csv,3,34,34816,36863,3.4816,3.6863
908,0128_5000.csv,3,35,35840,37887,3.584,3.7887
909,0128_5000.csv,3,36,36864,38911,3.6864,3.8911
910,0128_5000.csv,3,37,37888,39935,3.7888,3.9935
911,0128_5000.csv,3,38,38912,40959,3.8912,4.0959
912,0128_5000.csv,3,39,39936,41983,3.9936,4.1983
913,0128_5000.csv,3,40,40960,43007,4.096,4.3007
914,0128_5000.csv,3,41,41984,44031,4.1984,4.4031
915,0128_5000.csv,3,42,43008,45055,4.3008,4.5055
916,0128_5000.csv,3,43,44032,46079,4.4032,4.6079
917,0128_5000.csv,3,44,45056,47103,4.5056,4.7103
918,0128_5000.csv,3,45,46080,48127,4.608,4.8127
919,0128_5000.csv,3,46,47104,49151,4.7104,4.9151
920,0128_5000.csv,3,47,48128,50175,4.8128,5.0175
921,0128_5000.csv,3,48,49152,51199,4.9152,5.1199
922,0128_5000.csv,3,49,50176,52223,5.0176,5.2223
923,0128_5000.csv,3,50,51200,53247,5.12,5.3247
924,0128_5000.csv,3,51,52224,54271,5.2224,5.4271
925,0128_5000.csv,3,52,53248,55295,5.3248,5.5295
926,0128_5000.csv,3,53,54272,56319,5.4272,5.6319
927,0128_5000.csv,3,54,55296,57343,5.5296,5.7343
928,0128_5000.csv,3,55,56320,58367,5.632,5.8367
929,0128_5000.csv,3,56,57344,59391,5.7344,5.9391
930,0128_5000.csv,3,57,58368,60415,5.8368,6.0415
931,0128_5000.csv,3,58,59392,61439,5.9392,6.1439
932,0128_5000.csv,3,59,60416,62463,6.0416,6.2463
933,0128_5000.csv,3,60,61440,63487,6.144,6.3487
934,0128_5000.csv,3,61,62464,64511,6.2464,6.4511
935,0128_5000.csv,3,62,63488,65535,6.3488,6.5535
936,0128_5000.csv,3,63,64512,66559,6.4512,6.6559
937,0128_5000.csv,3,64,65536,67583,6.5536,6.7583
938,0128_5000.csv,3,65,66560,68607,6.656,6.8607
939,0128_5000.csv,3,66,67584,69631,6.7584,6.9631
940,0128_5000.csv,3,67,68608,70655,6.8608,7.0655
941,0128_5000.csv,3,68,69632,71679,6.9632,7.1679
942,0128_5000.csv,3,69,70656,72703,7.0656,7.2703
943,0128_5000.csv,3,70,71680,73727,7.168,7.3727
944,0128_5000.csv,3,71,72704,74751,7.2704,7.4751
945,0128_5000.csv,3,72,73728,75775,7.3728,7.5775
946,0128_5000.csv,3,73,74752,76799,7.4752,7.6799
947,0128_5000.csv,3,74,75776,77823,7.5776,7.7823
948,0128_5000.csv,3,75,76800,78847,7.68,7.8847
949,0128_5000.csv,3,76,77824,79871,7.7824,7.9871
950,0128_5000.csv,3,77,78848,80895,7.8848,8.0895
951,0128_5000.csv,3,78,79872,81919,7.9872,8.1919
952,0128_5000.csv,3,79,80896,82943,8.0896,8.2943
953,0128_5000.csv,3,80,81920,83967,8.192,8.3967
954,0128_5000.csv,3,81,82944,84991,8.2944,8.4991
955,0128_5000.csv,3,82,83968,86015,8.3968,8.6015
956,0128_5000.csv,3,83,84992,87039,8.4992,8.7039
957,0128_5000.csv,3,84,86016,88063,8.6016,8.8063
958,0128_5000.csv,3,85,87040,89087,8.704,8.9087
959,0128_5000.csv,3,86,88064,90111,8.8064,9.0111
960,0128_5000.csv,3,87,89088,91135,8.9088,9.1135
961,0128_5000.csv,3,88,90112,92159,9.0112,9.2159
962,0128_5000.csv,3,89,91136,93183,9.1136,9.3183
963,0128_5000.csv,3,90,92160,94207,9.216,9.4207
964,0128_5000.csv,3,91,93184,95231,9.3184,9.5231
965,0128_5000.csv,3,92,94208,96255,9.4208,9.6255
966,0128_5000.csv,3,93,95232,97279,9.5232,9.7279
967,0128_5000.csv,3,94,96256,98303,9.6256,9.8303
968,0128_5000.csv,3,95,97280,99327,9.728,9.9327
969,0128_5000.csv,3,96,98304,100351,9.8304,10.0351
970,0128_5000.csv,3,97,99328,101375,9.9328,10.1375
971,0128_5000.csv,3,98,100352,102399,10.0352,10.2399
972,0128_5000.csv,3,99,101376,103423,10.1376,10.3423
973,0128_5000.csv,3,100,102400,104447,10.24,10.4447
974,0128_5000.csv,3,101,103424,105471,10.3424,10.5471
975,0128_5000.csv,3,102,104448,106495,10.4448,10.6495
976,0128_5000.csv,3,103,105472,107519,10.5472,10.7519
977,0128_5000.csv,3,104,106496,108543,10.6496,10.8543
978,0128_5000.csv,3,105,107520,109567,10.752,10.9567
979,0128_5000.csv,3,106,108544,110591,10.8544,11.0591
980,0128_5000.csv,3,107,109568,111615,10.9568,11.1615
981,0128_5000.csv,3,108,110592,112639,11.0592,11.2639
982,0128_5000.csv,3,109,111616,113663,11.1616,11.3663
983,0128_5000.csv,3,110,112640,114687,11.264,11.4687
984,0128_5000.csv,3,111,113664,115711,11.3664,11.5711
985,0128_5000.csv,3,112,114688,116735,11.4688,11.6735
986,0128_5000.csv,3,113,115712,117759,11.5712,11.7759
987,0128_5000.csv,3,114,116736,118783,11.6736,11.8783
988,0128_5000.csv,3,115,117760,119807,11.776,11.9807
989,0128_5000.csv,3,116,118784,120831,11.8784,12.0831
990,0128_5000.csv,3,117,119808,121855,11.9808,12.1855
991,0128_5000.csv,3,118,120832,122879,12.0832,12.2879
992,0128_5000.csv,3,119,121856,123903,12.1856,12.3903
993,0128_5000.csv,3,120,122880,124927,12.288,12.4927
994,0128_5000.csv,3,121,123904,125951,12.3904,12.5951
995,0128_5000.csv,3,122,124928,126975,12.4928,12.6975
996,0128_5000.csv,3,123,125952,127999,12.5952,12.7999
997,0128_5000.csv,3,124,126976,129023,12.6976,12.9023
998,0128_5000.csv,3,125,128000,130047,12.8,13.0047
999,0128_5000.csv,3,126,129024,131071,12.9024,13.1071
1000,0128_5000.csv,3,127,130048,132095,13.0048,13.2095
1001,0128_5000.csv,3,128,131072,133119,13.1072,13.3119
1002,0128_5000.csv,3,129,132096,134143,13.2096,13.4143
1003,0128_5000.csv,3,130,133120,135167,13.312,13.5167
1004,0128_5000.csv,3,131,134144,136191,13.4144,13.6191
1005,0128_5000.csv,3,132,135168,137215,13.5168,13.7215
1006,0128_5000.csv,3,133,136192,138239,13.6192,13.8239
1007,0128_5000.csv,3,134,137216,139263,13.7216,13.9263
1008,0128_5000.csv,3,135,138240,140287,13.824,14.0287
1009,0128_5000.csv,3,136,139264,141311,13.9264,14.1311
1010,0128_5000.csv,3,137,140288,142335,14.0288,14.2335
1011,0128_5000.csv,3,138,141312,143359,14.1312,14.3359
1012,0128_5000.csv,3,139,142336,144383,14.2336,14.4383
1013,0128_5000.csv,3,140,143360,145407,14.336,14.5407
1014,0128_5000.csv,3,141,144384,146431,14.4384,14.6431
1015,0128_5000.csv,3,142,145408,147455,14.5408,14.7455
1016,0128_5000.csv,3,143,146432,148479,14.6432,14.8479
1017,0128_5000.csv,3,144,147456,149503,14.7456,14.9503
1018,0128_5000.csv,3,145,148480,150527,14.848,15.0527
1019,0128_5000.csv,3,146,149504,151551,14.9504,15.1551
1020,0128_5000.csv,3,147,150528,152575,15.0528,15.2575
1021,0128_5000.csv,3,148,151552,153599,15.1552,15.3599
1022,0128_5000.csv,3,149,152576,154623,15.2576,15.4623
1023,0128_5000.csv,3,150,153600,155647,15.36,15.5647
1024,0128_5000.csv,3,151,154624,156671,15.4624,15.6671
1025,0128_5000.csv,3,152,155648,157695,15.5648,15.7695
1026,0128_5000.csv,3,153,156672,158719,15.6672,15.8719
1027,0128_5000.csv,3,154,157696,159743,15.7696,15.9743
1028,0128_5000.csv,3,155,158720,160767,15.872,16.0767
1029,0128_5000.csv,3,156,159744,161791,15.9744,16.1791
1030,0128_5000.csv,3,157,160768,162815,16.0768,16.2815
1031,0128_5000.csv,3,158,161792,163839,16.1792,16.3839
1032,0128_5000.csv,3,159,162816,164863,16.2816,16.4863
1033,0128_5000.csv,3,160,163840,165887,16.384,16.5887
1034,0128_5000.csv,3,161,164864,166911,16.4864,16.6911
1035,0128_5000.csv,3,162,165888,167935,16.5888,16.7935
1036,0128_5000.csv,3,163,166912,168959,16.6912,16.8959
1037,0128_5000.csv,3,164,167936,169983,16.7936,16.9983
1038,0128_5000.csv,3,165,168960,171007,16.896,17.1007
1039,0128_5000.csv,3,166,169984,172031,16.9984,17.2031
1040,0128_5000.csv,3,167,171008,173055,17.1008,17.3055
1041,0128_5000.csv,3,168,172032,174079,17.2032,17.4079
1042,0128_5000.csv,3,169,173056,175103,17.3056,17.5103
1043,0128_5000.csv,3,170,174080,176127,17.408,17.6127
1044,0128_5000.csv,3,171,175104,177151,17.5104,17.7151
1045,0128_5000.csv,3,172,176128,178175,17.6128,17.8175
1046,0128_5000.csv,3,173,177152,179199,17.7152,17.9199
1047,0128_5000.csv,3,174,178176,180223,17.8176,18.0223
1048,0128_5000.csv,3,175,179200,181247,17.92,18.1247
1049,0128_5000.csv,3,176,180224,182271,18.0224,18.2271
1050,0128_5000.csv,3,177,181248,183295,18.1248,18.3295
1051,0128_5000.csv,3,178,182272,184319,18.2272,18.4319
1052,0128_5000.csv,3,179,183296,185343,18.3296,18.5343
1053,0128_5000.csv,3,180,184320,186367,18.432,18.6367
1054,0128_5000.csv,3,181,185344,187391,18.5344,18.7391
1055,0128_5000.csv,3,182,186368,188415,18.6368,18.8415
1056,0128_5000.csv,3,183,187392,189439,18.7392,18.9439
1057,0128_5000.csv,3,184,188416,190463,18.8416,19.0463
1058,0128_5000.csv,3,185,189440,191487,18.944,19.1487
1059,0128_5000.csv,3,186,190464,192511,19.0464,19.2511
1060,0128_5000.csv,3,187,191488,193535,19.1488,19.3535
1061,0128_5000.csv,3,188,192512,194559,19.2512,19.4559
1062,0128_5000.csv,3,189,193536,195583,19.3536,19.5583
1063,0128_5000.csv,3,190,194560,196607,19.456,19.6607
1064,0128_5000.csv,3,191,195584,197631,19.5584,19.7631
1065,0128_5000.csv,3,192,196608,198655,19.6608,19.8655
1066,0128_5000.csv,3,193,197632,199679,19.7632,19.9679
1067,0128_5000.csv,3,194,198656,200703,19.8656,20.0703
1068,0128_5000.csv,3,195,199680,201727,19.968,20.1727
1069,0128_5000.csv,3,196,200704,202751,20.0704,20.2751
1070,0128_5000.csv,3,197,201728,203775,20.1728,20.3775
1071,0128_5000.csv,3,198,202752,204799,20.2752,20.4799
1072,0128_5000.csv,3,199,203776,205823,20.3776,20.5823
1073,0128_5000.csv,3,200,204800,206847,20.48,20.6847
1074,0128_5000.csv,3,201,205824,207871,20.5824,20.7871
1075,0128_5000.csv,3,202,206848,208895,20.6848,20.8895
1076,0128_5000.csv,3,203,207872,209919,20.7872,20.9919
1077,0128_5000.csv,3,204,208896,210943,20.8896,21.0943
1078,0128_5000.csv,3,205,209920,211967,20.992,21.1967
1079,0128_5000.csv,3,206,210944,212991,21.0944,21.2991
1080,0128_5000.csv,3,207,211968,214015,21.1968,21.4015
1081,0128_5000.csv,3,208,212992,215039,21.2992,21.5039
1082,0128_5000.csv,3,209,214016,216063,21.4016,21.6063
1083,0128_5000.csv,3,210,215040,217087,21.504,21.7087
1084,0128_5000.csv,3,211,216064,218111,21.6064,21.8111
1085,0128_5000.csv,3,212,217088,219135,21.7088,21.9135
1086,0128_5000.csv,3,213,218112,220159,21.8112,22.0159
1087,0128_5000.csv,3,214,219136,221183,21.9136,22.1183
1088,0128_5000.csv,3,215,220160,222207,22.016,22.2207
1089,0128_5000.csv,3,216,221184,223231,22.1184,22.3231
1090,0128_5000.csv,3,217,222208,224255,22.2208,22.4255
1091,0128_5000.csv,3,218,223232,225279,22.3232,22.5279
1092,0128_5000.csv,3,219,224256,226303,22.4256,22.6303
1093,0128_5000.csv,3,220,225280,227327,22.528,22.7327
1094,0128_5000.csv,3,221,226304,228351,22.6304,22.8351
1095,0128_5000.csv,3,222,227328,229375,22.7328,22.9375
1096,0128_5000.csv,3,223,228352,230399,22.8352,23.0399
1097,0128_5000.csv,3,224,229376,231423,22.9376,23.1423
1098,0128_5000.csv,3,225,230400,232447,23.04,23.2447
1099,0128_5000.csv,3,226,231424,233471,23.1424,23.3471
1100,0128_5000.csv,3,227,232448,234495,23.2448,23.4495
1101,0128_5000.csv,3,228,233472,235519,23.3472,23.5519
1102,0128_5000.csv,3,229,234496,236543,23.4496,23.6543
1103,0128_5000.csv,3,230,235520,237567,23.552,23.7567
1104,0128_5000.csv,3,231,236544,238591,23.6544,23.8591
1105,0128_5000.csv,3,232,237568,239615,23.7568,23.9615
1106,0128_5000.csv,3,233,238592,240639,23.8592,24.0639
1107,0128_5000.csv,3,234,239616,241663,23.9616,24.1663
1108,0128_5000.csv,3,235,240640,242687,24.064,24.2687
1109,0128_5000.csv,3,236,241664,243711,24.1664,24.3711
1110,0128_5000.csv,3,237,242688,244735,24.2688,24.4735
1111,0128_5000.csv,3,238,243712,245759,24.3712,24.5759
1112,0128_5000.csv,3,239,244736,246783,24.4736,24.6783
1113,0128_5000.csv,3,240,245760,247807,24.576,24.7807
1114,0128_5000.csv,3,241,246784,248831,24.6784,24.8831
1115,0128_5000.csv,3,242,247808,249855,24.7808,24.9855
1116,0128_5000.csv,3,243,248832,250879,24.8832,25.0879
1117,0128_5000.csv,3,244,249856,251903,24.9856,25.1903
1118,0128_5000.csv,3,245,250880,252927,25.088,25.2927
1119,0128_5000.csv,3,246,251904,253951,25.1904,25.3951
1120,0128_5000.csv,3,247,252928,254975,25.2928,25.4975
1121,0128_5000.csv,3,248,253952,255999,25.3952,25.5999
1122,0128_5000.csv,3,249,254976,257023,25.4976,25.7023
1123,0128_5000.csv,3,250,256000,258047,25.6,25.8047
1124,0128_5000.csv,3,251,257024,259071,25.7024,25.9071
1125,0128_5000.csv,3,252,258048,260095,25.8048,26.0095
1126,0128_5000.csv,3,253,259072,261119,25.9072,26.1119
1127,0128_5000.csv,3,254,260096,262143,26.0096,26.2143
1128,0128_5000.csv,3,255,261120,263167,26.112,26.3167
1129,0128_5000.csv,3,256,262144,264191,26.2144,26.4191
1130,0128_5000.csv,3,257,263168,265215,26.3168,26.5215
1131,0128_5000.csv,3,258,264192,266239,26.4192,26.6239
1132,0128_5000.csv,3,259,265216,267263,26.5216,26.7263
1133,0128_5000.csv,3,260,266240,268287,26.624,26.8287
1134,0128_5000.csv,3,261,267264,269311,26.7264,26.9311
1135,0128_5000.csv,3,262,268288,270335,26.8288,27.0335
1136,0128_5000.csv,3,263,269312,271359,26.9312,27.1359
1137,0128_5000.csv,3,264,270336,272383,27.0336,27.2383
1138,0128_5000.csv,3,265,271360,273407,27.136,27.3407
1139,0128_5000.csv,3,266,272384,274431,27.2384,27.4431
1140,0128_5000.csv,3,267,273408,275455,27.3408,27.5455
1141,0128_5000.csv,3,268,274432,276479,27.4432,27.6479
1142,0128_5000.csv,3,269,275456,277503,27.5456,27.7503
1143,0128_5000.csv,3,270,276480,278527,27.648,27.8527
1144,0128_5000.csv,3,271,277504,279551,27.7504,27.9551
1145,0128_5000.csv,3,272,278528,280575,27.8528,28.0575
1146,0128_5000.csv,3,273,279552,281599,27.9552,28.1599
1147,0128_5000.csv,3,274,280576,282623,28.0576,28.2623
1148,0128_5000.csv,3,275,281600,283647,28.16,28.3647
1149,0128_5000.csv,3,276,282624,284671,28.2624,28.4671
1150,0128_5000.csv,3,277,283648,285695,28.3648,28.5695
1151,0128_5000.csv,3,278,284672,286719,28.4672,28.6719
1152,0128_5000.csv,3,279,285696,287743,28.5696,28.7743
1153,0128_5000.csv,3,280,286720,288767,28.672,28.8767
1154,0128_5000.csv,3,281,287744,289791,28.7744,28.9791
1155,0128_5000.csv,3,282,288768,290815,28.8768,29.0815
1156,0128_5000.csv,3,283,289792,291839,28.9792,29.1839
1157,0128_5000.csv,3,284,290816,292863,29.0816,29.2863
1158,0128_5000.csv,3,285,291840,293887,29.184,29.3887
1159,0128_5000.csv,3,286,292864,294911,29.2864,29.4911
1160,0128_5000.csv,3,287,293888,295935,29.3888,29.5935
1161,0128_5000.csv,3,288,294912,296959,29.4912,29.6959
1162,0128_5000.csv,3,289,295936,297983,29.5936,29.7983
1163,0128_5000.csv,3,290,296960,299007,29.696,29.9007
1164,0130_5000.csv,4,0,0,2047,0.0,0.2047
1165,0130_5000.csv,4,1,1024,3071,0.1024,0.3071
1166,0130_5000.csv,4,2,2048,4095,0.2048,0.4095
1167,0130_5000.csv,4,3,3072,5119,0.3072,0.5119
1168,0130_5000.csv,4,4,4096,6143,0.4096,0.6143
1169,0130_5000.csv,4,5,5120,7167,0.512,0.7167
1170,0130_5000.csv,4,6,6144,8191,0.6144,0.8191
1171,0130_5000.csv,4,7,7168,9215,0.7168,0.9215
1172,0130_5000.csv,4,8,8192,10239,0.8192,1.0239
1173,0130_5000.csv,4,9,9216,11263,0.9216,1.1263
1174,0130_5000.csv,4,10,10240,12287,1.024,1.2287
1175,0130_5000.csv,4,11,11264,13311,1.1264,1.3311
1176,0130_5000.csv,4,12,12288,14335,1.2288,1.4335
1177,0130_5000.csv,4,13,13312,15359,1.3312,1.5359
1178,0130_5000.csv,4,14,14336,16383,1.4336,1.6383
1179,0130_5000.csv,4,15,15360,17407,1.536,1.7407
1180,0130_5000.csv,4,16,16384,18431,1.6384,1.8431
1181,0130_5000.csv,4,17,17408,19455,1.7408,1.9455
1182,0130_5000.csv,4,18,18432,20479,1.8432,2.0479
1183,0130_5000.csv,4,19,19456,21503,1.9456,2.1503
1184,0130_5000.csv,4,20,20480,22527,2.048,2.2527
1185,0130_5000.csv,4,21,21504,23551,2.1504,2.3551
1186,0130_5000.csv,4,22,22528,24575,2.2528,2.4575
1187,0130_5000.csv,4,23,23552,25599,2.3552,2.5599
1188,0130_5000.csv,4,24,24576,26623,2.4576,2.6623
1189,0130_5000.csv,4,25,25600,27647,2.56,2.7647
1190,0130_5000.csv,4,26,26624,28671,2.6624,2.8671
1191,0130_5000.csv,4,27,27648,29695,2.7648,2.9695
1192,0130_5000.csv,4,28,28672,30719,2.8672,3.0719
1193,0130_5000.csv,4,29,29696,31743,2.9696,3.1743
1194,0130_5000.csv,4,30,30720,32767,3.072,3.2767
1195,0130_5000.csv,4,31,31744,33791,3.1744,3.3791
1196,0130_5000.csv,4,32,32768,34815,3.2768,3.4815
1197,0130_5000.csv,4,33,33792,35839,3.3792,3.5839
1198,0130_5000.csv,4,34,34816,36863,3.4816,3.6863
1199,0130_5000.csv,4,35,35840,37887,3.584,3.7887
1200,0130_5000.csv,4,36,36864,38911,3.6864,3.8911
1201,0130_5000.csv,4,37,37888,39935,3.7888,3.9935
1202,0130_5000.csv,4,38,38912,40959,3.8912,4.0959
1203,0130_5000.csv,4,39,39936,41983,3.9936,4.1983
1204,0130_5000.csv,4,40,40960,43007,4.096,4.3007
1205,0130_5000.csv,4,41,41984,44031,4.1984,4.4031
1206,0130_5000.csv,4,42,43008,45055,4.3008,4.5055
1207,0130_5000.csv,4,43,44032,46079,4.4032,4.6079
1208,0130_5000.csv,4,44,45056,47103,4.5056,4.7103
1209,0130_5000.csv,4,45,46080,48127,4.608,4.8127
1210,0130_5000.csv,4,46,47104,49151,4.7104,4.9151
1211,0130_5000.csv,4,47,48128,50175,4.8128,5.0175
1212,0130_5000.csv,4,48,49152,51199,4.9152,5.1199
1213,0130_5000.csv,4,49,50176,52223,5.0176,5.2223
1214,0130_5000.csv,4,50,51200,53247,5.12,5.3247
1215,0130_5000.csv,4,51,52224,54271,5.2224,5.4271
1216,0130_5000.csv,4,52,53248,55295,5.3248,5.5295
1217,0130_5000.csv,4,53,54272,56319,5.4272,5.6319
1218,0130_5000.csv,4,54,55296,57343,5.5296,5.7343
1219,0130_5000.csv,4,55,56320,58367,5.632,5.8367
1220,0130_5000.csv,4,56,57344,59391,5.7344,5.9391
1221,0130_5000.csv,4,57,58368,60415,5.8368,6.0415
1222,0130_5000.csv,4,58,59392,61439,5.9392,6.1439
1223,0130_5000.csv,4,59,60416,62463,6.0416,6.2463
1224,0130_5000.csv,4,60,61440,63487,6.144,6.3487
1225,0130_5000.csv,4,61,62464,64511,6.2464,6.4511
1226,0130_5000.csv,4,62,63488,65535,6.3488,6.5535
1227,0130_5000.csv,4,63,64512,66559,6.4512,6.6559
1228,0130_5000.csv,4,64,65536,67583,6.5536,6.7583
1229,0130_5000.csv,4,65,66560,68607,6.656,6.8607
1230,0130_5000.csv,4,66,67584,69631,6.7584,6.9631
1231,0130_5000.csv,4,67,68608,70655,6.8608,7.0655
1232,0130_5000.csv,4,68,69632,71679,6.9632,7.1679
1233,0130_5000.csv,4,69,70656,72703,7.0656,7.2703
1234,0130_5000.csv,4,70,71680,73727,7.168,7.3727
1235,0130_5000.csv,4,71,72704,74751,7.2704,7.4751
1236,0130_5000.csv,4,72,73728,75775,7.3728,7.5775
1237,0130_5000.csv,4,73,74752,76799,7.4752,7.6799
1238,0130_5000.csv,4,74,75776,77823,7.5776,7.7823
1239,0130_5000.csv,4,75,76800,78847,7.68,7.8847
1240,0130_5000.csv,4,76,77824,79871,7.7824,7.9871
1241,0130_5000.csv,4,77,78848,80895,7.8848,8.0895
1242,0130_5000.csv,4,78,79872,81919,7.9872,8.1919
1243,0130_5000.csv,4,79,80896,82943,8.0896,8.2943
1244,0130_5000.csv,4,80,81920,83967,8.192,8.3967
1245,0130_5000.csv,4,81,82944,84991,8.2944,8.4991
1246,0130_5000.csv,4,82,83968,86015,8.3968,8.6015
1247,0130_5000.csv,4,83,84992,87039,8.4992,8.7039
1248,0130_5000.csv,4,84,86016,88063,8.6016,8.8063
1249,0130_5000.csv,4,85,87040,89087,8.704,8.9087
1250,0130_5000.csv,4,86,88064,90111,8.8064,9.0111
1251,0130_5000.csv,4,87,89088,91135,8.9088,9.1135
1252,0130_5000.csv,4,88,90112,92159,9.0112,9.2159
1253,0130_5000.csv,4,89,91136,93183,9.1136,9.3183
1254,0130_5000.csv,4,90,92160,94207,9.216,9.4207
1255,0130_5000.csv,4,91,93184,95231,9.3184,9.5231
1256,0130_5000.csv,4,92,94208,96255,9.4208,9.6255
1257,0130_5000.csv,4,93,95232,97279,9.5232,9.7279
1258,0130_5000.csv,4,94,96256,98303,9.6256,9.8303
1259,0130_5000.csv,4,95,97280,99327,9.728,9.9327
1260,0130_5000.csv,4,96,98304,100351,9.8304,10.0351
1261,0130_5000.csv,4,97,99328,101375,9.9328,10.1375
1262,0130_5000.csv,4,98,100352,102399,10.0352,10.2399
1263,0130_5000.csv,4,99,101376,103423,10.1376,10.3423
1264,0130_5000.csv,4,100,102400,104447,10.24,10.4447
1265,0130_5000.csv,4,101,103424,105471,10.3424,10.5471
1266,0130_5000.csv,4,102,104448,106495,10.4448,10.6495
1267,0130_5000.csv,4,103,105472,107519,10.5472,10.7519
1268,0130_5000.csv,4,104,106496,108543,10.6496,10.8543
1269,0130_5000.csv,4,105,107520,109567,10.752,10.9567
1270,0130_5000.csv,4,106,108544,110591,10.8544,11.0591
1271,0130_5000.csv,4,107,109568,111615,10.9568,11.1615
1272,0130_5000.csv,4,108,110592,112639,11.0592,11.2639
1273,0130_5000.csv,4,109,111616,113663,11.1616,11.3663
1274,0130_5000.csv,4,110,112640,114687,11.264,11.4687
1275,0130_5000.csv,4,111,113664,115711,11.3664,11.5711
1276,0130_5000.csv,4,112,114688,116735,11.4688,11.6735
1277,0130_5000.csv,4,113,115712,117759,11.5712,11.7759
1278,0130_5000.csv,4,114,116736,118783,11.6736,11.8783
1279,0130_5000.csv,4,115,117760,119807,11.776,11.9807
1280,0130_5000.csv,4,116,118784,120831,11.8784,12.0831
1281,0130_5000.csv,4,117,119808,121855,11.9808,12.1855
1282,0130_5000.csv,4,118,120832,122879,12.0832,12.2879
1283,0130_5000.csv,4,119,121856,123903,12.1856,12.3903
1284,0130_5000.csv,4,120,122880,124927,12.288,12.4927
1285,0130_5000.csv,4,121,123904,125951,12.3904,12.5951
1286,0130_5000.csv,4,122,124928,126975,12.4928,12.6975
1287,0130_5000.csv,4,123,125952,127999,12.5952,12.7999
1288,0130_5000.csv,4,124,126976,129023,12.6976,12.9023
1289,0130_5000.csv,4,125,128000,130047,12.8,13.0047
1290,0130_5000.csv,4,126,129024,131071,12.9024,13.1071
1291,0130_5000.csv,4,127,130048,132095,13.0048,13.2095
1292,0130_5000.csv,4,128,131072,133119,13.1072,13.3119
1293,0130_5000.csv,4,129,132096,134143,13.2096,13.4143
1294,0130_5000.csv,4,130,133120,135167,13.312,13.5167
1295,0130_5000.csv,4,131,134144,136191,13.4144,13.6191
1296,0130_5000.csv,4,132,135168,137215,13.5168,13.7215
1297,0130_5000.csv,4,133,136192,138239,13.6192,13.8239
1298,0130_5000.csv,4,134,137216,139263,13.7216,13.9263
1299,0130_5000.csv,4,135,138240,140287,13.824,14.0287
1300,0130_5000.csv,4,136,139264,141311,13.9264,14.1311
1301,0130_5000.csv,4,137,140288,142335,14.0288,14.2335
1302,0130_5000.csv,4,138,141312,143359,14.1312,14.3359
1303,0130_5000.csv,4,139,142336,144383,14.2336,14.4383
1304,0130_5000.csv,4,140,143360,145407,14.336,14.5407
1305,0130_5000.csv,4,141,144384,146431,14.4384,14.6431
1306,0130_5000.csv,4,142,145408,147455,14.5408,14.7455
1307,0130_5000.csv,4,143,146432,148479,14.6432,14.8479
1308,0130_5000.csv,4,144,147456,149503,14.7456,14.9503
1309,0130_5000.csv,4,145,148480,150527,14.848,15.0527
1310,0130_5000.csv,4,146,149504,151551,14.9504,15.1551
1311,0130_5000.csv,4,147,150528,152575,15.0528,15.2575
1312,0130_5000.csv,4,148,151552,153599,15.1552,15.3599
1313,0130_5000.csv,4,149,152576,154623,15.2576,15.4623
1314,0130_5000.csv,4,150,153600,155647,15.36,15.5647
1315,0130_5000.csv,4,151,154624,156671,15.4624,15.6671
1316,0130_5000.csv,4,152,155648,157695,15.5648,15.7695
1317,0130_5000.csv,4,153,156672,158719,15.6672,15.8719
1318,0130_5000.csv,4,154,157696,159743,15.7696,15.9743
1319,0130_5000.csv,4,155,158720,160767,15.872,16.0767
1320,0130_5000.csv,4,156,159744,161791,15.9744,16.1791
1321,0130_5000.csv,4,157,160768,162815,16.0768,16.2815
1322,0130_5000.csv,4,158,161792,163839,16.1792,16.3839
1323,0130_5000.csv,4,159,162816,164863,16.2816,16.4863
1324,0130_5000.csv,4,160,163840,165887,16.384,16.5887
1325,0130_5000.csv,4,161,164864,166911,16.4864,16.6911
1326,0130_5000.csv,4,162,165888,167935,16.5888,16.7935
1327,0130_5000.csv,4,163,166912,168959,16.6912,16.8959
1328,0130_5000.csv,4,164,167936,169983,16.7936,16.9983
1329,0130_5000.csv,4,165,168960,171007,16.896,17.1007
1330,0130_5000.csv,4,166,169984,172031,16.9984,17.2031
1331,0130_5000.csv,4,167,171008,173055,17.1008,17.3055
1332,0130_5000.csv,4,168,172032,174079,17.2032,17.4079
1333,0130_5000.csv,4,169,173056,175103,17.3056,17.5103
1334,0130_5000.csv,4,170,174080,176127,17.408,17.6127
1335,0130_5000.csv,4,171,175104,177151,17.5104,17.7151
1336,0130_5000.csv,4,172,176128,178175,17.6128,17.8175
1337,0130_5000.csv,4,173,177152,179199,17.7152,17.9199
1338,0130_5000.csv,4,174,178176,180223,17.8176,18.0223
1339,0130_5000.csv,4,175,179200,181247,17.92,18.1247
1340,0130_5000.csv,4,176,180224,182271,18.0224,18.2271
1341,0130_5000.csv,4,177,181248,183295,18.1248,18.3295
1342,0130_5000.csv,4,178,182272,184319,18.2272,18.4319
1343,0130_5000.csv,4,179,183296,185343,18.3296,18.5343
1344,0130_5000.csv,4,180,184320,186367,18.432,18.6367
1345,0130_5000.csv,4,181,185344,187391,18.5344,18.7391
1346,0130_5000.csv,4,182,186368,188415,18.6368,18.8415
1347,0130_5000.csv,4,183,187392,189439,18.7392,18.9439
1348,0130_5000.csv,4,184,188416,190463,18.8416,19.0463
1349,0130_5000.csv,4,185,189440,191487,18.944,19.1487
1350,0130_5000.csv,4,186,190464,192511,19.0464,19.2511
1351,0130_5000.csv,4,187,191488,193535,19.1488,19.3535
1352,0130_5000.csv,4,188,192512,194559,19.2512,19.4559
1353,0130_5000.csv,4,189,193536,195583,19.3536,19.5583
1354,0130_5000.csv,4,190,194560,196607,19.456,19.6607
1355,0130_5000.csv,4,191,195584,197631,19.5584,19.7631
1356,0130_5000.csv,4,192,196608,198655,19.6608,19.8655
1357,0130_5000.csv,4,193,197632,199679,19.7632,19.9679
1358,0130_5000.csv,4,194,198656,200703,19.8656,20.0703
1359,0130_5000.csv,4,195,199680,201727,19.968,20.1727
1360,0130_5000.csv,4,196,200704,202751,20.0704,20.2751
1361,0130_5000.csv,4,197,201728,203775,20.1728,20.3775
1362,0130_5000.csv,4,198,202752,204799,20.2752,20.4799
1363,0130_5000.csv,4,199,203776,205823,20.3776,20.5823
1364,0130_5000.csv,4,200,204800,206847,20.48,20.6847
1365,0130_5000.csv,4,201,205824,207871,20.5824,20.7871
1366,0130_5000.csv,4,202,206848,208895,20.6848,20.8895
1367,0130_5000.csv,4,203,207872,209919,20.7872,20.9919
1368,0130_5000.csv,4,204,208896,210943,20.8896,21.0943
1369,0130_5000.csv,4,205,209920,211967,20.992,21.1967
1370,0130_5000.csv,4,206,210944,212991,21.0944,21.2991
1371,0130_5000.csv,4,207,211968,214015,21.1968,21.4015
1372,0130_5000.csv,4,208,212992,215039,21.2992,21.5039
1373,0130_5000.csv,4,209,214016,216063,21.4016,21.6063
1374,0130_5000.csv,4,210,215040,217087,21.504,21.7087
1375,0130_5000.csv,4,211,216064,218111,21.6064,21.8111
1376,0130_5000.csv,4,212,217088,219135,21.7088,21.9135
1377,0130_5000.csv,4,213,218112,220159,21.8112,22.0159
1378,0130_5000.csv,4,214,219136,221183,21.9136,22.1183
1379,0130_5000.csv,4,215,220160,222207,22.016,22.2207
1380,0130_5000.csv,4,216,221184,223231,22.1184,22.3231
1381,0130_5000.csv,4,217,222208,224255,22.2208,22.4255
1382,0130_5000.csv,4,218,223232,225279,22.3232,22.5279
1383,0130_5000.csv,4,219,224256,226303,22.4256,22.6303
1384,0130_5000.csv,4,220,225280,227327,22.528,22.7327
1385,0130_5000.csv,4,221,226304,228351,22.6304,22.8351
1386,0130_5000.csv,4,222,227328,229375,22.7328,22.9375
1387,0130_5000.csv,4,223,228352,230399,22.8352,23.0399
1388,0130_5000.csv,4,224,229376,231423,22.9376,23.1423
1389,0130_5000.csv,4,225,230400,232447,23.04,23.2447
1390,0130_5000.csv,4,226,231424,233471,23.1424,23.3471
1391,0130_5000.csv,4,227,232448,234495,23.2448,23.4495
1392,0130_5000.csv,4,228,233472,235519,23.3472,23.5519
1393,0130_5000.csv,4,229,234496,236543,23.4496,23.6543
1394,0130_5000.csv,4,230,235520,237567,23.552,23.7567
1395,0130_5000.csv,4,231,236544,238591,23.6544,23.8591
1396,0130_5000.csv,4,232,237568,239615,23.7568,23.9615
1397,0130_5000.csv,4,233,238592,240639,23.8592,24.0639
1398,0130_5000.csv,4,234,239616,241663,23.9616,24.1663
1399,0130_5000.csv,4,235,240640,242687,24.064,24.2687
1400,0130_5000.csv,4,236,241664,243711,24.1664,24.3711
1401,0130_5000.csv,4,237,242688,244735,24.2688,24.4735
1402,0130_5000.csv,4,238,243712,245759,24.3712,24.5759
1403,0130_5000.csv,4,239,244736,246783,24.4736,24.6783
1404,0130_5000.csv,4,240,245760,247807,24.576,24.7807
1405,0130_5000.csv,4,241,246784,248831,24.6784,24.8831
1406,0130_5000.csv,4,242,247808,249855,24.7808,24.9855
1407,0130_5000.csv,4,243,248832,250879,24.8832,25.0879
1408,0130_5000.csv,4,244,249856,251903,24.9856,25.1903
1409,0130_5000.csv,4,245,250880,252927,25.088,25.2927
1410,0130_5000.csv,4,246,251904,253951,25.1904,25.3951
1411,0130_5000.csv,4,247,252928,254975,25.2928,25.4975
1412,0130_5000.csv,4,248,253952,255999,25.3952,25.5999
1413,0130_5000.csv,4,249,254976,257023,25.4976,25.7023
1414,0130_5000.csv,4,250,256000,258047,25.6,25.8047
1415,0130_5000.csv,4,251,257024,259071,25.7024,25.9071
1416,0130_5000.csv,4,252,258048,260095,25.8048,26.0095
1417,0130_5000.csv,4,253,259072,261119,25.9072,26.1119
1418,0130_5000.csv,4,254,260096,262143,26.0096,26.2143
1419,0130_5000.csv,4,255,261120,263167,26.112,26.3167
1420,0130_5000.csv,4,256,262144,264191,26.2144,26.4191
1421,0130_5000.csv,4,257,263168,265215,26.3168,26.5215
1422,0130_5000.csv,4,258,264192,266239,26.4192,26.6239
1423,0130_5000.csv,4,259,265216,267263,26.5216,26.7263
1424,0130_5000.csv,4,260,266240,268287,26.624,26.8287
1425,0130_5000.csv,4,261,267264,269311,26.7264,26.9311
1426,0130_5000.csv,4,262,268288,270335,26.8288,27.0335
1427,0130_5000.csv,4,263,269312,271359,26.9312,27.1359
1428,0130_5000.csv,4,264,270336,272383,27.0336,27.2383
1429,0130_5000.csv,4,265,271360,273407,27.136,27.3407
1430,0130_5000.csv,4,266,272384,274431,27.2384,27.4431
1431,0130_5000.csv,4,267,273408,275455,27.3408,27.5455
1432,0130_5000.csv,4,268,274432,276479,27.4432,27.6479
1433,0130_5000.csv,4,269,275456,277503,27.5456,27.7503
1434,0130_5000.csv,4,270,276480,278527,27.648,27.8527
1435,0130_5000.csv,4,271,277504,279551,27.7504,27.9551
1436,0130_5000.csv,4,272,278528,280575,27.8528,28.0575
1437,0130_5000.csv,4,273,279552,281599,27.9552,28.1599
1438,0130_5000.csv,4,274,280576,282623,28.0576,28.2623
1439,0130_5000.csv,4,275,281600,283647,28.16,28.3647
1440,0130_5000.csv,4,276,282624,284671,28.2624,28.4671
1441,0130_5000.csv,4,277,283648,285695,28.3648,28.5695
1442,0130_5000.csv,4,278,284672,286719,28.4672,28.6719
1443,0130_5000.csv,4,279,285696,287743,28.5696,28.7743
1444,0130_5000.csv,4,280,286720,288767,28.672,28.8767
1445,0130_5000.csv,4,281,287744,289791,28.7744,28.9791
1446,0130_5000.csv,4,282,288768,290815,28.8768,29.0815
1447,0130_5000.csv,4,283,289792,291839,28.9792,29.1839
1448,0130_5000.csv,4,284,290816,292863,29.0816,29.2863
1449,0130_5000.csv,4,285,291840,293887,29.184,29.3887
1450,0130_5000.csv,4,286,292864,294911,29.2864,29.4911
1451,0130_5000.csv,4,287,293888,295935,29.3888,29.5935
1452,0130_5000.csv,4,288,294912,296959,29.4912,29.6959
1453,0130_5000.csv,4,289,295936,297983,29.5936,29.7983
1454,0130_5000.csv,4,290,296960,299007,29.696,29.9007
1455,0202_5000.csv,5,0,0,2047,0.0,0.2047
1456,0202_5000.csv,5,1,1024,3071,0.1024,0.3071
1457,0202_5000.csv,5,2,2048,4095,0.2048,0.4095
1458,0202_5000.csv,5,3,3072,5119,0.3072,0.5119
1459,0202_5000.csv,5,4,4096,6143,0.4096,0.6143
1460,0202_5000.csv,5,5,5120,7167,0.512,0.7167
1461,0202_5000.csv,5,6,6144,8191,0.6144,0.8191
1462,0202_5000.csv,5,7,7168,9215,0.7168,0.9215
1463,0202_5000.csv,5,8,8192,10239,0.8192,1.0239
1464,0202_5000.csv,5,9,9216,11263,0.9216,1.1263
1465,0202_5000.csv,5,10,10240,12287,1.024,1.2287
1466,0202_5000.csv,5,11,11264,13311,1.1264,1.3311
1467,0202_5000.csv,5,12,12288,14335,1.2288,1.4335
1468,0202_5000.csv,5,13,13312,15359,1.3312,1.5359
1469,0202_5000.csv,5,14,14336,16383,1.4336,1.6383
1470,0202_5000.csv,5,15,15360,17407,1.536,1.7407
1471,0202_5000.csv,5,16,16384,18431,1.6384,1.8431
1472,0202_5000.csv,5,17,17408,19455,1.7408,1.9455
1473,0202_5000.csv,5,18,18432,20479,1.8432,2.0479
1474,0202_5000.csv,5,19,19456,21503,1.9456,2.1503
1475,0202_5000.csv,5,20,20480,22527,2.048,2.2527
1476,0202_5000.csv,5,21,21504,23551,2.1504,2.3551
1477,0202_5000.csv,5,22,22528,24575,2.2528,2.4575
1478,0202_5000.csv,5,23,23552,25599,2.3552,2.5599
1479,0202_5000.csv,5,24,24576,26623,2.4576,2.6623
1480,0202_5000.csv,5,25,25600,27647,2.56,2.7647
1481,0202_5000.csv,5,26,26624,28671,2.6624,2.8671
1482,0202_5000.csv,5,27,27648,29695,2.7648,2.9695
1483,0202_5000.csv,5,28,28672,30719,2.8672,3.0719
1484,0202_5000.csv,5,29,29696,31743,2.9696,3.1743
1485,0202_5000.csv,5,30,30720,32767,3.072,3.2767
1486,0202_5000.csv,5,31,31744,33791,3.1744,3.3791
1487,0202_5000.csv,5,32,32768,34815,3.2768,3.4815
1488,0202_5000.csv,5,33,33792,35839,3.3792,3.5839
1489,0202_5000.csv,5,34,34816,36863,3.4816,3.6863
1490,0202_5000.csv,5,35,35840,37887,3.584,3.7887
1491,0202_5000.csv,5,36,36864,38911,3.6864,3.8911
1492,0202_5000.csv,5,37,37888,39935,3.7888,3.9935
1493,0202_5000.csv,5,38,38912,40959,3.8912,4.0959
1494,0202_5000.csv,5,39,39936,41983,3.9936,4.1983
1495,0202_5000.csv,5,40,40960,43007,4.096,4.3007
1496,0202_5000.csv,5,41,41984,44031,4.1984,4.4031
1497,0202_5000.csv,5,42,43008,45055,4.3008,4.5055
1498,0202_5000.csv,5,43,44032,46079,4.4032,4.6079
1499,0202_5000.csv,5,44,45056,47103,4.5056,4.7103
1500,0202_5000.csv,5,45,46080,48127,4.608,4.8127
1501,0202_5000.csv,5,46,47104,49151,4.7104,4.9151
1502,0202_5000.csv,5,47,48128,50175,4.8128,5.0175
1503,0202_5000.csv,5,48,49152,51199,4.9152,5.1199
1504,0202_5000.csv,5,49,50176,52223,5.0176,5.2223
1505,0202_5000.csv,5,50,51200,53247,5.12,5.3247
1506,0202_5000.csv,5,51,52224,54271,5.2224,5.4271
1507,0202_5000.csv,5,52,53248,55295,5.3248,5.5295
1508,0202_5000.csv,5,53,54272,56319,5.4272,5.6319
1509,0202_5000.csv,5,54,55296,57343,5.5296,5.7343
1510,0202_5000.csv,5,55,56320,58367,5.632,5.8367
1511,0202_5000.csv,5,56,57344,59391,5.7344,5.9391
1512,0202_5000.csv,5,57,58368,60415,5.8368,6.0415
1513,0202_5000.csv,5,58,59392,61439,5.9392,6.1439
1514,0202_5000.csv,5,59,60416,62463,6.0416,6.2463
1515,0202_5000.csv,5,60,61440,63487,6.144,6.3487
1516,0202_5000.csv,5,61,62464,64511,6.2464,6.4511
1517,0202_5000.csv,5,62,63488,65535,6.3488,6.5535
1518,0202_5000.csv,5,63,64512,66559,6.4512,6.6559
1519,0202_5000.csv,5,64,65536,67583,6.5536,6.7583
1520,0202_5000.csv,5,65,66560,68607,6.656,6.8607
1521,0202_5000.csv,5,66,67584,69631,6.7584,6.9631
1522,0202_5000.csv,5,67,68608,70655,6.8608,7.0655
1523,0202_5000.csv,5,68,69632,71679,6.9632,7.1679
1524,0202_5000.csv,5,69,70656,72703,7.0656,7.2703
1525,0202_5000.csv,5,70,71680,73727,7.168,7.3727
1526,0202_5000.csv,5,71,72704,74751,7.2704,7.4751
1527,0202_5000.csv,5,72,73728,75775,7.3728,7.5775
1528,0202_5000.csv,5,73,74752,76799,7.4752,7.6799
1529,0202_5000.csv,5,74,75776,77823,7.5776,7.7823
1530,0202_5000.csv,5,75,76800,78847,7.68,7.8847
1531,0202_5000.csv,5,76,77824,79871,7.7824,7.9871
1532,0202_5000.csv,5,77,78848,80895,7.8848,8.0895
1533,0202_5000.csv,5,78,79872,81919,7.9872,8.1919
1534,0202_5000.csv,5,79,80896,82943,8.0896,8.2943
1535,0202_5000.csv,5,80,81920,83967,8.192,8.3967
1536,0202_5000.csv,5,81,82944,84991,8.2944,8.4991
1537,0202_5000.csv,5,82,83968,86015,8.3968,8.6015
1538,0202_5000.csv,5,83,84992,87039,8.4992,8.7039
1539,0202_5000.csv,5,84,86016,88063,8.6016,8.8063
1540,0202_5000.csv,5,85,87040,89087,8.704,8.9087
1541,0202_5000.csv,5,86,88064,90111,8.8064,9.0111
1542,0202_5000.csv,5,87,89088,91135,8.9088,9.1135
1543,0202_5000.csv,5,88,90112,92159,9.0112,9.2159
1544,0202_5000.csv,5,89,91136,93183,9.1136,9.3183
1545,0202_5000.csv,5,90,92160,94207,9.216,9.4207
1546,0202_5000.csv,5,91,93184,95231,9.3184,9.5231
1547,0202_5000.csv,5,92,94208,96255,9.4208,9.6255
1548,0202_5000.csv,5,93,95232,97279,9.5232,9.7279
1549,0202_5000.csv,5,94,96256,98303,9.6256,9.8303
1550,0202_5000.csv,5,95,97280,99327,9.728,9.9327
1551,0202_5000.csv,5,96,98304,100351,9.8304,10.0351
1552,0202_5000.csv,5,97,99328,101375,9.9328,10.1375
1553,0202_5000.csv,5,98,100352,102399,10.0352,10.2399
1554,0202_5000.csv,5,99,101376,103423,10.1376,10.3423
1555,0202_5000.csv,5,100,102400,104447,10.24,10.4447
1556,0202_5000.csv,5,101,103424,105471,10.3424,10.5471
1557,0202_5000.csv,5,102,104448,106495,10.4448,10.6495
1558,0202_5000.csv,5,103,105472,107519,10.5472,10.7519
1559,0202_5000.csv,5,104,106496,108543,10.6496,10.8543
1560,0202_5000.csv,5,105,107520,109567,10.752,10.9567
1561,0202_5000.csv,5,106,108544,110591,10.8544,11.0591
1562,0202_5000.csv,5,107,109568,111615,10.9568,11.1615
1563,0202_5000.csv,5,108,110592,112639,11.0592,11.2639
1564,0202_5000.csv,5,109,111616,113663,11.1616,11.3663
1565,0202_5000.csv,5,110,112640,114687,11.264,11.4687
1566,0202_5000.csv,5,111,113664,115711,11.3664,11.5711
1567,0202_5000.csv,5,112,114688,116735,11.4688,11.6735
1568,0202_5000.csv,5,113,115712,117759,11.5712,11.7759
1569,0202_5000.csv,5,114,116736,118783,11.6736,11.8783
1570,0202_5000.csv,5,115,117760,119807,11.776,11.9807
1571,0202_5000.csv,5,116,118784,120831,11.8784,12.0831
1572,0202_5000.csv,5,117,119808,121855,11.9808,12.1855
1573,0202_5000.csv,5,118,120832,122879,12.0832,12.2879
1574,0202_5000.csv,5,119,121856,123903,12.1856,12.3903
1575,0202_5000.csv,5,120,122880,124927,12.288,12.4927
1576,0202_5000.csv,5,121,123904,125951,12.3904,12.5951
1577,0202_5000.csv,5,122,124928,126975,12.4928,12.6975
1578,0202_5000.csv,5,123,125952,127999,12.5952,12.7999
1579,0202_5000.csv,5,124,126976,129023,12.6976,12.9023
1580,0202_5000.csv,5,125,128000,130047,12.8,13.0047
1581,0202_5000.csv,5,126,129024,131071,12.9024,13.1071
1582,0202_5000.csv,5,127,130048,132095,13.0048,13.2095
1583,0202_5000.csv,5,128,131072,133119,13.1072,13.3119
1584,0202_5000.csv,5,129,132096,134143,13.2096,13.4143
1585,0202_5000.csv,5,130,133120,135167,13.312,13.5167
1586,0202_5000.csv,5,131,134144,136191,13.4144,13.6191
1587,0202_5000.csv,5,132,135168,137215,13.5168,13.7215
1588,0202_5000.csv,5,133,136192,138239,13.6192,13.8239
1589,0202_5000.csv,5,134,137216,139263,13.7216,13.9263
1590,0202_5000.csv,5,135,138240,140287,13.824,14.0287
1591,0202_5000.csv,5,136,139264,141311,13.9264,14.1311
1592,0202_5000.csv,5,137,140288,142335,14.0288,14.2335
1593,0202_5000.csv,5,138,141312,143359,14.1312,14.3359
1594,0202_5000.csv,5,139,142336,144383,14.2336,14.4383
1595,0202_5000.csv,5,140,143360,145407,14.336,14.5407
1596,0202_5000.csv,5,141,144384,146431,14.4384,14.6431
1597,0202_5000.csv,5,142,145408,147455,14.5408,14.7455
1598,0202_5000.csv,5,143,146432,148479,14.6432,14.8479
1599,0202_5000.csv,5,144,147456,149503,14.7456,14.9503
1600,0202_5000.csv,5,145,148480,150527,14.848,15.0527
1601,0202_5000.csv,5,146,149504,151551,14.9504,15.1551
1602,0202_5000.csv,5,147,150528,152575,15.0528,15.2575
1603,0202_5000.csv,5,148,151552,153599,15.1552,15.3599
1604,0202_5000.csv,5,149,152576,154623,15.2576,15.4623
1605,0202_5000.csv,5,150,153600,155647,15.36,15.5647
1606,0202_5000.csv,5,151,154624,156671,15.4624,15.6671
1607,0202_5000.csv,5,152,155648,157695,15.5648,15.7695
1608,0202_5000.csv,5,153,156672,158719,15.6672,15.8719
1609,0202_5000.csv,5,154,157696,159743,15.7696,15.9743
1610,0202_5000.csv,5,155,158720,160767,15.872,16.0767
1611,0202_5000.csv,5,156,159744,161791,15.9744,16.1791
1612,0202_5000.csv,5,157,160768,162815,16.0768,16.2815
1613,0202_5000.csv,5,158,161792,163839,16.1792,16.3839
1614,0202_5000.csv,5,159,162816,164863,16.2816,16.4863
1615,0202_5000.csv,5,160,163840,165887,16.384,16.5887
1616,0202_5000.csv,5,161,164864,166911,16.4864,16.6911
1617,0202_5000.csv,5,162,165888,167935,16.5888,16.7935
1618,0202_5000.csv,5,163,166912,168959,16.6912,16.8959
1619,0202_5000.csv,5,164,167936,169983,16.7936,16.9983
1620,0202_5000.csv,5,165,168960,171007,16.896,17.1007
1621,0202_5000.csv,5,166,169984,172031,16.9984,17.2031
1622,0202_5000.csv,5,167,171008,173055,17.1008,17.3055
1623,0202_5000.csv,5,168,172032,174079,17.2032,17.4079
1624,0202_5000.csv,5,169,173056,175103,17.3056,17.5103
1625,0202_5000.csv,5,170,174080,176127,17.408,17.6127
1626,0202_5000.csv,5,171,175104,177151,17.5104,17.7151
1627,0202_5000.csv,5,172,176128,178175,17.6128,17.8175
1628,0202_5000.csv,5,173,177152,179199,17.7152,17.9199
1629,0202_5000.csv,5,174,178176,180223,17.8176,18.0223
1630,0202_5000.csv,5,175,179200,181247,17.92,18.1247
1631,0202_5000.csv,5,176,180224,182271,18.0224,18.2271
1632,0202_5000.csv,5,177,181248,183295,18.1248,18.3295
1633,0202_5000.csv,5,178,182272,184319,18.2272,18.4319
1634,0202_5000.csv,5,179,183296,185343,18.3296,18.5343
1635,0202_5000.csv,5,180,184320,186367,18.432,18.6367
1636,0202_5000.csv,5,181,185344,187391,18.5344,18.7391
1637,0202_5000.csv,5,182,186368,188415,18.6368,18.8415
1638,0202_5000.csv,5,183,187392,189439,18.7392,18.9439
1639,0202_5000.csv,5,184,188416,190463,18.8416,19.0463
1640,0202_5000.csv,5,185,189440,191487,18.944,19.1487
1641,0202_5000.csv,5,186,190464,192511,19.0464,19.2511
1642,0202_5000.csv,5,187,191488,193535,19.1488,19.3535
1643,0202_5000.csv,5,188,192512,194559,19.2512,19.4559
1644,0202_5000.csv,5,189,193536,195583,19.3536,19.5583
1645,0202_5000.csv,5,190,194560,196607,19.456,19.6607
1646,0202_5000.csv,5,191,195584,197631,19.5584,19.7631
1647,0202_5000.csv,5,192,196608,198655,19.6608,19.8655
1648,0202_5000.csv,5,193,197632,199679,19.7632,19.9679
1649,0202_5000.csv,5,194,198656,200703,19.8656,20.0703
1650,0202_5000.csv,5,195,199680,201727,19.968,20.1727
1651,0202_5000.csv,5,196,200704,202751,20.0704,20.2751
1652,0202_5000.csv,5,197,201728,203775,20.1728,20.3775
1653,0202_5000.csv,5,198,202752,204799,20.2752,20.4799
1654,0202_5000.csv,5,199,203776,205823,20.3776,20.5823
1655,0202_5000.csv,5,200,204800,206847,20.48,20.6847
1656,0202_5000.csv,5,201,205824,207871,20.5824,20.7871
1657,0202_5000.csv,5,202,206848,208895,20.6848,20.8895
1658,0202_5000.csv,5,203,207872,209919,20.7872,20.9919
1659,0202_5000.csv,5,204,208896,210943,20.8896,21.0943
1660,0202_5000.csv,5,205,209920,211967,20.992,21.1967
1661,0202_5000.csv,5,206,210944,212991,21.0944,21.2991
1662,0202_5000.csv,5,207,211968,214015,21.1968,21.4015
1663,0202_5000.csv,5,208,212992,215039,21.2992,21.5039
1664,0202_5000.csv,5,209,214016,216063,21.4016,21.6063
1665,0202_5000.csv,5,210,215040,217087,21.504,21.7087
1666,0202_5000.csv,5,211,216064,218111,21.6064,21.8111
1667,0202_5000.csv,5,212,217088,219135,21.7088,21.9135
1668,0202_5000.csv,5,213,218112,220159,21.8112,22.0159
1669,0202_5000.csv,5,214,219136,221183,21.9136,22.1183
1670,0202_5000.csv,5,215,220160,222207,22.016,22.2207
1671,0202_5000.csv,5,216,221184,223231,22.1184,22.3231
1672,0202_5000.csv,5,217,222208,224255,22.2208,22.4255
1673,0202_5000.csv,5,218,223232,225279,22.3232,22.5279
1674,0202_5000.csv,5,219,224256,226303,22.4256,22.6303
1675,0202_5000.csv,5,220,225280,227327,22.528,22.7327
1676,0202_5000.csv,5,221,226304,228351,22.6304,22.8351
1677,0202_5000.csv,5,222,227328,229375,22.7328,22.9375
1678,0202_5000.csv,5,223,228352,230399,22.8352,23.0399
1679,0202_5000.csv,5,224,229376,231423,22.9376,23.1423
1680,0202_5000.csv,5,225,230400,232447,23.04,23.2447
1681,0202_5000.csv,5,226,231424,233471,23.1424,23.3471
1682,0202_5000.csv,5,227,232448,234495,23.2448,23.4495
1683,0202_5000.csv,5,228,233472,235519,23.3472,23.5519
1684,0202_5000.csv,5,229,234496,236543,23.4496,23.6543
1685,0202_5000.csv,5,230,235520,237567,23.552,23.7567
1686,0202_5000.csv,5,231,236544,238591,23.6544,23.8591
1687,0202_5000.csv,5,232,237568,239615,23.7568,23.9615
1688,0202_5000.csv,5,233,238592,240639,23.8592,24.0639
1689,0202_5000.csv,5,234,239616,241663,23.9616,24.1663
1690,0202_5000.csv,5,235,240640,242687,24.064,24.2687
1691,0202_5000.csv,5,236,241664,243711,24.1664,24.3711
1692,0202_5000.csv,5,237,242688,244735,24.2688,24.4735
1693,0202_5000.csv,5,238,243712,245759,24.3712,24.5759
1694,0202_5000.csv,5,239,244736,246783,24.4736,24.6783
1695,0202_5000.csv,5,240,245760,247807,24.576,24.7807
1696,0202_5000.csv,5,241,246784,248831,24.6784,24.8831
1697,0202_5000.csv,5,242,247808,249855,24.7808,24.9855
1698,0202_5000.csv,5,243,248832,250879,24.8832,25.0879
1699,0202_5000.csv,5,244,249856,251903,24.9856,25.1903
1700,0202_5000.csv,5,245,250880,252927,25.088,25.2927
1701,0202_5000.csv,5,246,251904,253951,25.1904,25.3951
1702,0202_5000.csv,5,247,252928,254975,25.2928,25.4975
1703,0202_5000.csv,5,248,253952,255999,25.3952,25.5999
1704,0202_5000.csv,5,249,254976,257023,25.4976,25.7023
1705,0202_5000.csv,5,250,256000,258047,25.6,25.8047
1706,0202_5000.csv,5,251,257024,259071,25.7024,25.9071
1707,0202_5000.csv,5,252,258048,260095,25.8048,26.0095
1708,0202_5000.csv,5,253,259072,261119,25.9072,26.1119
1709,0202_5000.csv,5,254,260096,262143,26.0096,26.2143
1710,0202_5000.csv,5,255,261120,263167,26.112,26.3167
1711,0202_5000.csv,5,256,262144,264191,26.2144,26.4191
1712,0202_5000.csv,5,257,263168,265215,26.3168,26.5215
1713,0202_5000.csv,5,258,264192,266239,26.4192,26.6239
1714,0202_5000.csv,5,259,265216,267263,26.5216,26.7263
1715,0202_5000.csv,5,260,266240,268287,26.624,26.8287
1716,0202_5000.csv,5,261,267264,269311,26.7264,26.9311
1717,0202_5000.csv,5,262,268288,270335,26.8288,27.0335
1718,0202_5000.csv,5,263,269312,271359,26.9312,27.1359
1719,0202_5000.csv,5,264,270336,272383,27.0336,27.2383
1720,0202_5000.csv,5,265,271360,273407,27.136,27.3407
1721,0202_5000.csv,5,266,272384,274431,27.2384,27.4431
1722,0202_5000.csv,5,267,273408,275455,27.3408,27.5455
1723,0202_5000.csv,5,268,274432,276479,27.4432,27.6479
1724,0202_5000.csv,5,269,275456,277503,27.5456,27.7503
1725,0202_5000.csv,5,270,276480,278527,27.648,27.8527
1726,0202_5000.csv,5,271,277504,279551,27.7504,27.9551
1727,0202_5000.csv,5,272,278528,280575,27.8528,28.0575
1728,0202_5000.csv,5,273,279552,281599,27.9552,28.1599
1729,0202_5000.csv,5,274,280576,282623,28.0576,28.2623
1730,0202_5000.csv,5,275,281600,283647,28.16,28.3647
1731,0202_5000.csv,5,276,282624,284671,28.2624,28.4671
1732,0202_5000.csv,5,277,283648,285695,28.3648,28.5695
1733,0202_5000.csv,5,278,284672,286719,28.4672,28.6719
1734,0202_5000.csv,5,279,285696,287743,28.5696,28.7743
1735,0202_5000.csv,5,280,286720,288767,28.672,28.8767
1736,0202_5000.csv,5,281,287744,289791,28.7744,28.9791
1737,0202_5000.csv,5,282,288768,290815,28.8768,29.0815
1738,0202_5000.csv,5,283,289792,291839,28.9792,29.1839
1739,0202_5000.csv,5,284,290816,292863,29.0816,29.2863
1740,0202_5000.csv,5,285,291840,293887,29.184,29.3887
1741,0202_5000.csv,5,286,292864,294911,29.2864,29.4911
1742,0202_5000.csv,5,287,293888,295935,29.3888,29.5935
1743,0202_5000.csv,5,288,294912,296959,29.4912,29.6959
1744,0202_5000.csv,5,289,295936,297983,29.5936,29.7983
1745,0202_5000.csv,5,290,296960,299007,29.696,29.9007
