方法,特征名称,真实均值,生成均值,均值相对误差_%,真实标准差,生成标准差,标准差相对误差_%,JS散度,Wasserstein距离,短名称
传统加噪扩充,均方根_RMS,0.019871395276507355,0.01989979255903952,0.14290532766114802,0.006194364820310306,0.006204193516917878,0.15867158120487984,0.001559410112028902,2.844446527538021e-05,加噪
传统加噪扩充,峰值_Peak,0.06484540053915322,0.06499490627905893,0.2305572001411852,0.013322823315486577,0.013410858012510197,0.6607810892056184,0.0069273778906675815,0.00018489116723867892,加噪
传统加噪扩充,峰峰值_PeakToPeak,0.12137443612394737,0.12163543675995228,0.2150375683197646,0.024503759509958648,0.02465041617387692,0.5985067877142883,0.003096273740487552,0.0002975235783835319,加噪
传统加噪扩充,偏度_Skewness,-0.11217979618308442,-0.11167447979310466,0.4504522268435486,0.11784358095383264,0.11758143316646284,0.22245402358425886,0.003771646753526513,0.0009070391255781597,加噪
传统加噪扩充,峭度_Kurtosis,2.676887864099745,2.678615428191553,0.06453628913546339,0.34885109577561985,0.3470316200030312,0.5215622925128164,0.004748918752049025,0.0026053489278681902,加噪
传统加噪扩充,峰值因子_CrestFactor,3.376791061653246,3.3788697171918516,0.06155712629692104,0.4805442385290546,0.4784629068156443,0.4331196894123459,0.005563431504076006,0.005398224578521406,加噪
传统加噪扩充,频率重心_Hz,1096.0552237507045,1100.000857153272,0.3599849092516923,353.53888036796917,352.7093887220515,0.23462529639013047,0.004238292733573764,3.94732635214104,加噪
传统加噪扩充,0到1kHz能量占比,0.6599279432157471,0.6586456665980447,0.19430554970169892,0.1635673172604823,0.16316885559068586,0.2436071438155581,0.002889839542995658,0.0012887022100636504,加噪
传统加噪扩充,1到3kHz能量占比,0.250237199148208,0.2506275847255501,0.15600621277305873,0.13438672206315216,0.13402965312088735,0.2657025461893147,0.0008871326689311537,0.0005274555130615267,加噪
传统加噪扩充,3到5kHz能量占比,0.08979808398546973,0.09068743452719943,0.9903892179522472,0.03479106707298746,0.03472431667804361,0.1918607290828216,0.006661235774958353,0.0008921693703255703,加噪
传统加噪扩充,一倍频能量占比,0.0923893787756238,0.09212469153814573,0.2864909808713156,0.042951187805842804,0.04283503704265961,0.2704250315626614,0.0027675464652217076,0.00027443537486446137,加噪
传统加噪扩充,二倍频能量占比,0.0026139219102549994,0.002607466677992678,0.24695581893729524,0.0012685707346363454,0.0012677773117039737,0.06254463468871137,0.00472730589306136,1.6146682721284245e-05,加噪
传统加噪扩充,三四倍频能量占比,0.4978631638237974,0.4965871437138025,0.25629936149362,0.24627859907819133,0.2456339786060349,0.26174441245264624,0.0022919756692546312,0.0012859036422677057,加噪
VAE残差扩充,均方根_RMS,0.019871395276507355,0.019705899173387446,0.8328358467471902,0.006194364820310306,0.005963611417346169,3.7252149271267068,0.01744761454305513,0.0002536665715430817,VAE
VAE残差扩充,峰值_Peak,0.06484540053915322,0.05914296195090227,8.793898319310895,0.013322823315486577,0.005549161918397629,58.348453720535986,0.2454377779597075,0.006170689353435584,VAE
VAE残差扩充,峰峰值_PeakToPeak,0.12137443612394737,0.11177179796401442,7.911582097936701,0.024503759509958648,0.010947249547957536,55.3242042550178,0.2287480891880912,0.010363594615001994,VAE
VAE残差扩充,偏度_Skewness,-0.11217979618308442,-0.11199289022745575,0.16661285007325757,0.11784358095383264,0.11667263639512057,0.9936430556712903,0.022992368640287877,0.007397691181046491,VAE
VAE残差扩充,峭度_Kurtosis,2.676887864099745,2.6622970735767315,0.5450654365723647,0.34885109577561985,0.3735463646433153,7.079028607526178,0.07475251089336041,0.02398374871290017,VAE
VAE残差扩充,峰值因子_CrestFactor,3.376791061653246,3.1892967340362945,5.552440888217122,0.4805442385290546,0.6668619535390233,38.77222949959807,0.17007171924968187,0.18787573273388566,VAE
VAE残差扩充,频率重心_Hz,1096.0552237507045,1102.1754915581291,0.5583904601522762,353.53888036796917,352.027986692396,0.42736280490581924,0.008129571403402553,8.716140239856959,VAE
VAE残差扩充,0到1kHz能量占比,0.6599279432157471,0.6567631260431099,0.47957011142922834,0.1635673172604823,0.1630292487003981,0.3289584796601119,0.009880337765391307,0.004175164991774244,VAE
VAE残差扩充,1到3kHz能量占比,0.250237199148208,0.25308022322079843,1.136131671173,0.13438672206315216,0.13437694822756793,0.007272917617237259,0.007631585001447316,0.0036536615751555685,VAE
VAE残差扩充,3到5kHz能量占比,0.08979808398546973,0.0901162624849862,0.35432660185089637,0.03479106707298746,0.03467636194577974,0.32969706552484224,0.006512547032745056,0.0009570950887593754,VAE
VAE残差扩充,一倍频能量占比,0.0923893787756238,0.09100443484925186,1.4990293740586913,0.042951187805842804,0.04208964001366808,2.0058765220864685,0.09985186398124082,0.0034306229103915607,VAE
VAE残差扩充,二倍频能量占比,0.0026139219102549994,0.0025256657523372696,3.3763884658419703,0.0012685707346363454,0.001265015191248134,0.28027947424057165,0.013265216840522707,9.873235125944364e-05,VAE
VAE残差扩充,三四倍频能量占比,0.4978631638237974,0.4959693445833688,0.3803895082093466,0.24627859907819133,0.24368090613301907,1.0547781881514462,0.016239582892823304,0.005989439188068548,VAE
普通WGAN-GP,均方根_RMS,0.019871395276507355,0.018766000345754697,5.562744413845295,0.006194364820310306,0.006336426793686578,2.293406628029731,0.31449685199901567,0.0016741409384670057,WGAN-GP
普通WGAN-GP,峰值_Peak,0.06484540053915322,0.054746278848622806,15.57415268686156,0.013322823315486577,0.00790699136262147,40.65078267729622,0.2288169874609554,0.010099121690530411,WGAN-GP
普通WGAN-GP,峰峰值_PeakToPeak,0.12137443612394737,0.10341414568982037,14.797424406271192,0.024503759509958648,0.015198083155389102,37.976524991635806,0.24023895610517895,0.017960290434127002,WGAN-GP
普通WGAN-GP,偏度_Skewness,-0.11217979618308442,-0.11511649867851496,2.617853299190777,0.11784358095383264,0.06907563397275189,41.383626147420486,0.11017119712724857,0.03667426106396497,WGAN-GP
普通WGAN-GP,峭度_Kurtosis,2.676887864099745,2.5418525618785845,5.044488565699526,0.34885109577561985,0.39566336170661837,13.418982052151518,0.11399378151024425,0.1357982146371271,WGAN-GP
普通WGAN-GP,峰值因子_CrestFactor,3.376791061653246,3.092396358186123,8.422040282462776,0.4805442385290546,0.5811047533895805,20.92638029916501,0.07928451119354578,0.28439470346712303,WGAN-GP
普通WGAN-GP,频率重心_Hz,1096.0552237507045,1096.6993831729633,0.05877070865594389,353.53888036796917,436.7417271128823,23.534284732223504,0.2425296313907389,116.47603060504755,WGAN-GP
普通WGAN-GP,0到1kHz能量占比,0.6599279432157471,0.6614497032481643,0.23059487752550145,0.1635673172604823,0.19415395988647735,18.69972751163888,0.23741544836024933,0.045584070049268954,WGAN-GP
普通WGAN-GP,1到3kHz能量占比,0.250237199148208,0.24984021010656093,0.15864509473284896,0.13438672206315216,0.1525493662060247,13.515207353746025,0.20283672068131733,0.03359499912845549,WGAN-GP
普通WGAN-GP,3到5kHz能量占比,0.08979808398546973,0.08818544163758027,1.7958538493231642,0.03479106707298746,0.04277469507900184,22.94735021790571,0.13281307486934835,0.00918421136985564,WGAN-GP
普通WGAN-GP,一倍频能量占比,0.0923893787756238,0.06901431937841619,25.30059159042849,0.042951187805842804,0.03813862999305545,11.20471413836112,0.30279777487375154,0.02389053961895924,WGAN-GP
普通WGAN-GP,二倍频能量占比,0.0026139219102549994,0.002200807540441461,15.804388342083003,0.0012685707346363454,0.0018183974019117945,43.34221591511355,0.12714731838923196,0.0007281622519652038,WGAN-GP
普通WGAN-GP,三四倍频能量占比,0.4978631638237974,0.5324345977735819,6.943963012686457,0.24627859907819133,0.25620075757442756,4.02883504020816,0.3305013863266754,0.06728080282881771,WGAN-GP
残差特征约束WGAN-GP,均方根_RMS,0.019871395276507355,0.019874741594261253,0.016839873130021915,0.006194364820310306,0.00619694958444294,0.041727670345511406,0.00011379326320812234,4.102907998045693e-06,残差特征WGAN
残差特征约束WGAN-GP,峰值_Peak,0.06484540053915322,0.06484680516135378,0.0021661092211090614,0.013322823315486577,0.01331153339717509,0.08474118468204928,0.0037951928461867793,8.320572859642843e-05,残差特征WGAN
残差特征约束WGAN-GP,峰峰值_PeakToPeak,0.12137443612394737,0.12139503308758566,0.016969770814909167,0.024503759509958648,0.02451807079957872,0.058404464889031144,0.0022920941383350393,0.00010802029266117086,残差特征WGAN
残差特征约束WGAN-GP,偏度_Skewness,-0.11217979618308442,-0.11209139239762025,0.07880544311125166,0.11784358095383264,0.11784855116134517,0.004217631093909952,0.001192034662599158,0.0003852973155915217,残差特征WGAN
残差特征约束WGAN-GP,峭度_Kurtosis,2.676887864099745,2.677112121216074,0.008377531212135097,0.34885109577561985,0.3485422029047464,0.08854576483005451,0.0011664158906249434,0.0009500961260014518,残差特征WGAN
残差特征约束WGAN-GP,峰值因子_CrestFactor,3.376791061653246,3.376564920299624,0.006696930591582778,0.4805442385290546,0.48100015090370757,0.09487417350951427,0.002611873551722394,0.003220139414349994,残差特征WGAN
残差特征约束WGAN-GP,频率重心_Hz,1096.0552237507045,1096.481038586486,0.03884976108451234,353.53888036796917,353.40969068037793,0.03654186138078295,0.0003439309534584152,0.5243735988950071,残差特征WGAN
残差特征约束WGAN-GP,0到1kHz能量占比,0.6599279432157471,0.6598195772434564,0.016420879492156887,0.1635673172604823,0.16355097400532187,0.00999176084443317,0.00029167977940533924,0.0001667400167023877,残差特征WGAN
残差特征约束WGAN-GP,1到3kHz能量占比,0.250237199148208,0.2502455933708676,0.003354506319651911,0.13438672206315216,0.13439839311099946,0.008684673357631957,0.0001022677431036468,0.00012517789589990043,残差特征WGAN
残差特征约束WGAN-GP,3到5kHz能量占比,0.08979808398546973,0.08987379124236612,0.08430832099690956,0.03479106707298746,0.03478556973492624,0.015801004463379315,0.0009157404821908655,0.00010109744018705437,残差特征WGAN
残差特征约束WGAN-GP,一倍频能量占比,0.0923893787756238,0.09235793567942147,0.034033236957196164,0.042951187805842804,0.042941278283058916,0.023071591939325297,0.0003294523151509849,5.967375147076407e-05,残差特征WGAN
残差特征约束WGAN-GP,二倍频能量占比,0.0026139219102549994,0.0026125600524161347,0.05210017303886583,0.0012685707346363454,0.0012675526337246584,0.08025574633615298,0.0011601665033825516,4.576821904842829e-06,残差特征WGAN
残差特征约束WGAN-GP,三四倍频能量占比,0.4978631638237974,0.49770433646024026,0.031901810597308955,0.24627859907819133,0.24616156419081725,0.04752133876498387,6.917409036153507e-05,0.00020866379363703423,残差特征WGAN
